bearing_id,n_rows,healthy_rcv_h_rms,healthy_rcv_v_rms,r5_at_life25,r5_at_life50,r5_at_life75,r5_at_life90,r5_at_rul120,r5_at_rul60,r5_at_rul30,r5_at_rul10,r5_at_rul0,r5_max,r5_pre_last10_max,first_r5_ge_1.3_rul,first_r5_ge_2_rul,max_abs_peak_g,condition,life_min,gt_early_rul,gt_late_rul,gt_on_rul,commission_vs_life_level,commission_vs_fleet,baseline_contaminated,short_healthy,abrupt,no_onset,clean_baseline,dataset
Bearing1_1,123,0.1038,0.0402,1.188,1.1986,4.3919,5.2682,1.0036,1.1986,4.3919,5.2996,6.0603,6.0603,5.2996,50.0,42.0,35.5978,1,123,76,47,48,0.978,1.194,False,False,False,False,True,XJTU
Bearing1_2,161,0.0297,0.0244,1.5683,5.7341,4.9423,7.2077,1.5683,5.4883,7.2216,8.874,14.1422,14.1422,8.874,127.0,106.0,38.7055,1,161,129,110,129,1.0,1.029,False,False,False,False,True,XJTU
Bearing1_3,158,0.0195,0.0195,1.0292,1.4249,2.8839,5.0023,1.0334,1.7763,3.2991,5.7839,13.2266,13.2266,5.7839,83.0,53.0,29.5492,1,158,85,66,85,0.987,0.865,False,False,False,False,True,XJTU
Bearing1_4,122,0.0606,0.0681,0.9576,1.0238,1.2445,1.2301,0.9944,1.0238,1.2445,1.2188,1.2784,1.2784,1.2483,,,54.4111,1,122,42,5,5,1.052,0.967,False,False,True,False,True,XJTU
Bearing1_5,52,0.0102,0.01,1.0079,1.0248,2.3837,5.6372,,,1.0197,4.0878,7.3225,7.3225,4.0878,15.0,14.0,53.1804,1,52,17,15,17,1.011,1.758,True,False,True,False,False,XJTU
Bearing2_1,491,0.0225,0.0184,0.9144,0.8808,0.8812,0.855,0.8774,0.8637,2.6945,7.2692,12.2753,12.2753,7.2692,34.0,34.0,48.4949,2,491,40,38,38,1.192,0.786,True,False,False,False,False,XJTU
Bearing2_2,161,0.0129,0.0177,0.9918,3.7845,8.9325,9.4688,0.9918,8.3492,8.0833,8.955,10.709,10.709,9.6117,108.0,100.0,41.4806,2,161,110,106,110,1.021,0.979,False,False,False,False,True,XJTU
Bearing2_3,533,0.0178,0.0379,1.1563,1.2883,7.2383,8.2207,7.9335,8.3224,8.726,10.8806,10.4511,10.909,10.8806,264.0,207.0,34.3851,2,533,405,273,369,1.095,1.088,False,False,False,False,True,XJTU
Bearing2_4,42,0.1056,0.0698,1.0651,1.1002,1.1399,8.1847,,,1.0764,1.1399,12.567,12.567,1.1399,9.0,9.0,37.2261,2,42,13,11,11,1.077,1.248,False,True,True,False,False,XJTU
Bearing2_5,339,0.0367,0.0335,0.8449,1.7126,4.7883,6.5175,3.2085,6.678,7.0291,7.2829,8.2481,8.793,8.793,190.0,154.0,45.5172,2,339,217,210,217,1.192,2.378,True,False,False,False,False,XJTU
Bearing3_1,2538,0.0326,0.0247,1.0094,0.9771,1.0043,1.0148,2.071,4.4826,4.7848,9.2081,14.3533,14.3533,9.2081,147.0,121.0,45.3957,3,2538,159,128,157,1.058,0.684,False,False,False,False,True,XJTU
Bearing3_2,2496,0.0769,0.0407,1.0464,1.226,1.5073,2.8693,1.908,2.726,2.5369,4.7741,5.1739,5.2015,4.7741,1262.0,320.0,26.4736,3,2496,1473,1031,1031,1.125,1.592,True,False,False,False,False,XJTU
Bearing3_3,371,0.0426,0.0577,0.9713,0.8916,0.8447,0.8067,0.8681,0.8162,0.8283,6.4673,7.5167,7.5167,7.3861,27.0,25.0,35.2944,3,371,31,28,29,1.222,0.892,True,False,True,False,False,XJTU
Bearing3_4,1515,0.0147,0.0118,0.9758,0.9509,1.0374,1.0549,1.0465,3.737,9.1823,9.7583,10.0558,10.5622,10.3748,95.0,74.0,40.2704,3,1515,390,97,97,1.275,0.756,True,False,False,False,False,XJTU
Bearing3_5,114,0.8487,0.4264,2.4944,2.6192,3.018,5.461,,2.4226,3.018,5.4629,5.8556,5.8556,5.4629,105.0,104.0,46.5114,3,114,90,84,90,0.792,3.422,True,True,False,False,False,XJTU
FEMTO_Bearing1_1,467,0.1912,0.0481,0.8279,1.0175,1.8331,2.6778,1.8513,2.7152,3.2412,3.6948,10.2981,10.2981,3.6948,246.0,246.0,48.148,4,467,248,64,248,1.335,1.076,True,False,False,False,False,FEMTO
FEMTO_Bearing1_2,145,0.0409,0.102,1.1031,1.0029,1.2224,1.075,1.3464,1.0555,1.1702,1.0953,3.9536,3.9536,1.4007,120.0,4.0,36.717,4,145,69,7,7,1.276,1.112,True,False,True,False,False,FEMTO
FEMTO_Bearing1_3,395,0.0504,0.0288,0.9858,1.0556,7.1689,6.5141,2.0425,6.6409,4.9464,7.0746,17.1517,17.1517,8.6484,157.0,120.0,48.148,4,395,172,108,172,1.191,0.877,True,False,False,False,False,FEMTO
FEMTO_Bearing1_4,238,0.0405,0.0627,0.9299,0.8914,0.8497,15.7186,0.8945,0.837,13.4275,17.5928,22.9862,22.9862,17.5928,54.0,54.0,48.148,4,238,57,56,56,1.27,1.29,True,False,False,False,False,FEMTO
FEMTO_Bearing1_5,410,0.0436,0.0625,0.9228,0.8713,0.8204,0.8159,0.8247,0.8258,0.8169,0.8947,2.7563,2.7563,1.1055,6.0,1.0,14.053,4,410,9,8,8,1.384,0.985,True,False,True,False,False,FEMTO
FEMTO_Bearing1_6,408,0.0185,0.027,0.8516,0.7892,0.7452,0.8994,0.7865,0.8591,0.7971,0.741,2.8578,2.8578,1.6843,133.0,2.0,20.174,4,408,6,6,6,1.417,1.109,True,False,True,False,False,FEMTO
FEMTO_Bearing1_7,376,0.0457,0.0106,0.8417,0.9397,1.0484,1.0563,1.035,1.0755,1.0252,1.1265,3.9887,3.9887,1.1265,5.0,5.0,28.363,4,376,212,22,30,1.374,1.096,True,False,True,False,False,FEMTO
FEMTO_Bearing2_1,151,0.2003,0.0868,2.8098,2.3194,2.7074,2.7876,2.3309,2.9031,2.6727,2.8159,5.2973,5.2973,3.3136,126.0,123.0,25.195,5,151,126,13,126,0.774,1.113,False,True,False,False,False,FEMTO
FEMTO_Bearing2_2,132,0.0347,0.0191,1.3793,3.6702,2.6321,2.1572,0.9976,4.0226,2.6233,2.1182,3.7397,4.487,4.487,98.0,91.0,38.12,5,132,101,8,100,1.006,1.095,False,False,False,False,True,FEMTO
FEMTO_Bearing2_3,325,0.1078,0.0398,0.8896,1.8271,0.9657,0.9677,0.967,0.9471,0.9591,0.9555,0.963,4.821,4.821,280.0,279.0,48.148,5,325,1,1,1,1.976,1.444,True,False,True,False,False,FEMTO
FEMTO_Bearing2_4,125,0.0219,0.0204,1.0082,1.0353,0.9401,0.9473,1.0141,1.0875,0.9401,0.9416,1.1341,1.1371,1.1371,,,8.818,5,125,1,1,1,1.224,0.991,True,False,True,False,False,FEMTO
FEMTO_Bearing2_5,385,0.1611,0.2561,1.1965,1.1991,1.2124,1.1716,1.1843,1.1855,1.1758,1.1212,1.3161,1.9262,1.9262,370.0,,26.881,5,385,8,1,1,2.585,1.996,True,False,True,False,False,FEMTO
FEMTO_Bearing2_6,116,0.0231,0.0214,0.9497,0.8784,0.8852,0.8914,,0.8918,0.8723,0.8914,2.0457,2.0457,1.0463,0.0,0.0,11.456,5,116,2,2,2,1.433,1.177,True,False,True,False,False,FEMTO
FEMTO_Bearing2_7,38,0.0291,0.0081,1.0001,0.9991,0.9505,1.0347,,,0.9988,1.2051,1.0945,1.2051,1.2051,,,38.889,5,38,0,0,0,1.061,1.242,False,False,True,False,True,FEMTO
FEMTO_Bearing3_1,85,0.1007,0.0476,1.0186,1.0576,1.0005,0.9407,,1.0191,1.0261,0.9521,4.7686,4.7686,1.0576,1.0,1.0,41.297,6,85,4,3,3,1.153,0.954,True,False,True,False,False,FEMTO
FEMTO_Bearing3_2,272,0.0299,0.034,0.952,0.8917,0.8479,1.6048,0.8677,0.8713,1.6479,1.0683,3.6634,3.6634,1.6479,31.0,2.0,23.715,6,272,34,8,8,1.467,1.385,True,False,True,False,False,FEMTO
FEMTO_Bearing3_3,72,0.0398,0.1204,1.3039,1.0785,1.4914,3.0742,,1.0513,1.0455,2.8132,3.5685,3.5685,2.8132,56.0,14.0,15.982,6,72,21,18,20,1.222,1.078,True,False,True,False,False,FEMTO
