version,feature,spearman_within_median,spearman_within_min,ratio_median,healthy_rcv_full,healthy_rcv_emul
short_median6,h_mean,0.9672203468728655,0.9185678702334907,1.0119282836682841,1.683313323088744,1.7050249068912073
short_median6,h_median,0.9587637667548876,0.8851516930807374,1.0025624058856861,2.286835045772304,2.643581633042356
short_median6,h_std,0.993436940966011,0.9570562622726884,0.9968398765704342,0.03264867049312829,0.03465602721427931
short_median6,h_rms,0.9933474955277283,0.9552633825663791,0.9972356513956181,0.03263539302168857,0.03459669479837728
short_median6,h_peak,0.8759507581965239,0.6169581613699667,0.8204586770372847,0.08226552053486151,0.06195016826548554
short_median6,h_peak_to_peak,0.9152689337488145,0.6874401963006516,0.8153623235566354,0.06280350157601229,0.055592909713470716
short_median6,h_kurtosis,0.8662041061465758,0.5764937000406447,0.8294526500480194,0.8155258710640009,1.4218458857912584
short_median6,h_skewness,0.8333475625373515,0.4635957187372983,0.9951577998812904,1.3791816193934139,2.6512299324977993
short_median6,h_crest_factor,0.6862512051334735,0.35458402486312646,0.8201692548838894,0.07127846143270888,0.04624106416531117
short_median6,h_shape_factor,0.9214002106798478,0.7375527801235612,0.9992295360021717,0.0020614047789540117,0.003536976116771393
short_median6,h_impulse_factor,0.6832746240346834,0.37770685424554923,0.8180738434039198,0.06971291279371143,0.044040885389197953
short_median6,h_clearance_factor,0.6844939710066384,0.37917332842480284,0.8208042207283287,0.06887662650857553,0.040867948118717565
short_median6,h_zero_crossing_rate,0.9785170771718772,0.9050113262883855,1.0000601716516886,0.023500452881094605,0.029842661448140864
short_median6,h_q05,0.9928315965025596,0.9721735003247844,0.9978389308411386,0.032173506645157536,0.03897837930515012
short_median6,h_q95,0.9920411055305448,0.9698497851631711,0.9978173611024693,0.034405635350897884,0.039893207280544164
short_median6,h_dominant_freq,0.4886233627870994,-0.5603303599967121,1.0004597701149425,0.0014525800130633572,0.013856074766355139
short_median6,h_spectral_centroid,0.9861415474060825,0.9133330370238678,0.9995013774906211,0.033649312141759154,0.048767966162812454
short_median6,h_spectral_spread,0.9761407279796429,0.8719674549082742,0.9986335764675657,0.020540814757791383,0.022443460565702244
short_median6,h_spectral_entropy,0.9306123831459149,0.5936210498244368,0.9953480675815314,0.013901008861987727,0.015272906451218076
short_median6,h_spectral_energy,0.9930120751341683,0.9544096303252795,0.994351621022562,0.06496816151182189,0.06896658266527818
short_median6,h_low_band_energy_ratio,0.9805526294465604,0.9062144984221521,1.0003765725828966,0.04007882392754624,0.05161699256770174
short_median6,h_mid_band_energy_ratio,0.9804329081292501,0.9111356060269347,0.997578541955578,0.0620236670753501,0.07828376218941735
short_median6,h_high_band_energy_ratio,0.9750395141771848,0.909687370460702,0.9953934373722987,0.06497243200519091,0.08008743854555381
short_median6,h_energy_0_500_hz_ratio,0.9781535408355442,0.9222327597886463,0.9997752600698849,0.12911368158525022,0.1541533652114723
short_median6,h_energy_500_1000_hz_ratio,0.9637155297532656,0.7413832813981843,0.9807039733346328,0.11836782928421118,0.1212657422262099
short_median6,h_energy_1000_2000_hz_ratio,0.9669107781753132,0.8693808613716166,1.0119672917911167,0.11239777497536818,0.11213755332882383
short_median6,h_energy_2000_5000_hz_ratio,0.9850357983910479,0.8919776413163281,1.0028724215225706,0.07061558078283083,0.07478569601267016
short_median6,h_energy_5000_10000_hz_ratio,0.9844061195569396,0.9107764789546201,0.9979982428913157,0.07828042685578608,0.08303677519037318
short_median6,h_energy_10000_15000_hz_ratio,0.9775157655165873,0.8690407102850588,1.0011064075648552,0.1109053463648319,0.1024504317136628
short_median6,h_envelope_rms,0.9923244633273706,0.8800745482537884,0.996772343683646,0.02405766969628425,0.037213729808170753
short_median6,h_envelope_std,0.9887410554561719,0.843934851308646,0.9959022655580955,0.0315110856348236,0.04167888709695166
short_median6,h_envelope_peak,0.8880541098803184,0.6904626853577507,0.8010743783079839,0.08487023772159023,0.06628267390648067
short_median6,h_envelope_kurtosis,0.7539092033424658,0.33989539663248164,0.7628093189515844,0.3204798874195859,0.5066853992060144
short_median6,h_envelope_crest_factor,0.5536828457985576,0.1062284067787352,0.8021781290332771,0.06643076248566836,0.06726138479831237
short_median6,h_envelope_energy_0_50_hz_ratio,0.82939303617396,0.5893363584798639,0.7649207781886396,0.15164786634314667,0.24732677806731243
short_median6,h_envelope_energy_50_100_hz_ratio,0.79527348575363,0.5530265806051183,0.9697463317233781,0.12013851321892811,0.2225647299263577
short_median6,h_envelope_energy_100_200_hz_ratio,0.8498035496545182,0.7379466817923993,0.9787297384565637,0.10402079033522087,0.1725825191344764
short_median6,h_envelope_energy_200_500_hz_ratio,0.8207492209727677,0.4263025686735272,1.001366935912183,0.048429607786299726,0.09080559153620905
short_median6,h_envelope_energy_500_1000_hz_ratio,0.8652242321880973,0.705210274694109,1.0062901981100687,0.05907045611678214,0.07833983073870404
short_median6,v_mean,0.9617620751341683,0.6643243352706507,0.9979246901887302,3.113398917713801,2.777810884530459
short_median6,v_median,0.9669051878354207,0.9311627759953216,0.9914753287753404,2.520930595294336,3.232439937518407
short_median6,v_std,0.993778133409598,0.8941347221036454,0.9987960738417204,0.03358388909950331,0.03317583015294384
short_median6,v_rms,0.9938085581851013,0.8911465892597967,0.998986920230575,0.03346996735571731,0.032650757393673915
short_median6,v_peak,0.8751139945822449,0.6240836437928133,0.8530189487131902,0.07801046936291087,0.05671944544715286
short_median6,v_peak_to_peak,0.8959563952117487,0.6786474361802303,0.8352681656406402,0.060617566225590246,0.0469533228915239
short_median6,v_kurtosis,0.9105545617173525,0.6324446965399887,0.9261751805571881,0.9690871884224886,0.913165186086325
short_median6,v_skewness,0.8753521727994534,0.6502367808153535,0.9921949239410007,1.4371596298681104,2.1173901017024352
short_median6,v_crest_factor,0.590455049944506,0.2873604833888332,0.8537521918861465,0.0784886827796095,0.046162499538437624
short_median6,v_shape_factor,0.9286616726296959,0.6762091857471886,0.9992110885896334,0.0018797203023404694,0.0029358775210665523
short_median6,v_impulse_factor,0.6036882096815505,0.31318503283593896,0.8517791368443183,0.06981475598094437,0.04574411447371086
short_median6,v_clearance_factor,0.609408349696918,0.32474036257204963,0.8511399207606163,0.06970403147828816,0.04620369339211473
short_median6,v_zero_crossing_rate,0.982719212171392,0.8707542698251058,0.9985178462298633,0.03164210003860349,0.03269612167300388
short_median6,v_q05,0.989865507279888,0.8709126611457355,0.9987728701749377,0.03544732393028823,0.03505205500253624
short_median6,v_q95,0.991809650434542,0.9483807747625294,0.9980703834933435,0.034212789040142806,0.038535185105806946
short_median6,v_dominant_freq,0.558986350568165,0.20403154536391313,1.003921568627451,0.0011664830841856804,0.009883999999999999
short_median6,v_spectral_centroid,0.9823394604163044,0.9019038674976522,0.9985118986779227,0.04339029610632791,0.038170970054322954
short_median6,v_spectral_spread,0.9788917490854895,0.9043120318510022,0.9986696112391091,0.017210781439746733,0.026377504665339935
short_median6,v_spectral_entropy,0.917965674696898,0.7231315004434411,0.9990944256265664,0.02028688727050911,0.014971821456722233
short_median6,v_spectral_energy,0.993586457323928,0.890463587466917,0.9984079538937696,0.0666931687693728,0.06403523283578007
short_median6,v_low_band_energy_ratio,0.9802701115678214,0.9214002106798478,1.0002844928802537,0.03171841236686636,0.024073036091242835
short_median6,v_mid_band_energy_ratio,0.9853392845092691,0.9340903269871083,0.9966314858686227,0.08412957448185578,0.10236681560170559
short_median6,v_high_band_energy_ratio,0.9838966404082544,0.8724494151797149,0.9990477499238444,0.07027898066883904,0.07850754419926793
short_median6,v_energy_0_500_hz_ratio,0.9683037528790135,0.8802366096750668,0.9977065120900273,0.08331835707326993,0.10434633836818141
short_median6,v_energy_500_1000_hz_ratio,0.951368378268527,0.8602355660251567,0.9874534571251314,0.07272520902139296,0.08962054532796068
short_median6,v_energy_1000_2000_hz_ratio,0.9426893716970052,0.5995868856442762,1.019655272594089,0.10988026753840431,0.1084620778860666
short_median6,v_energy_2000_5000_hz_ratio,0.9897042559697212,0.892487467822788,1.005759109485632,0.07023249373403057,0.08131881145988976
short_median6,v_energy_5000_10000_hz_ratio,0.9824880276904109,0.8463185030445798,0.9975601617387646,0.07379605459071938,0.09580608213918985
short_median6,v_energy_10000_15000_hz_ratio,0.9840586460379499,0.8807308119183812,0.9992656219118681,0.08282153627253948,0.08210587837182926
short_median6,v_envelope_rms,0.9917300523016837,0.8672716959727736,0.9966702207539043,0.03629151910149272,0.03913870863481924
short_median6,v_envelope_std,0.990200603586011,0.8291872619722876,0.9935293899029956,0.03225421642262187,0.04371094485851987
short_median6,v_envelope_peak,0.9075164123278031,0.7654971234097724,0.8139346154225903,0.08607436556803146,0.06953150174936819
short_median6,v_envelope_kurtosis,0.766145369094887,0.3808588747545462,0.7247339667614484,0.30672894733740674,0.5890365889498087
short_median6,v_envelope_crest_factor,0.6246654070225162,0.3245112268419705,0.8105324364429828,0.07917947499127848,0.04401653483243973
short_median6,v_envelope_energy_0_50_hz_ratio,0.7684460100257415,0.6152447297543591,0.752029741671276,0.1633224371321446,0.2813735192551656
short_median6,v_envelope_energy_50_100_hz_ratio,0.7322722890423732,0.5356386106639162,0.9767609917542031,0.161232105612892,0.2316604480508663
short_median6,v_envelope_energy_100_200_hz_ratio,0.8650113560474567,0.667064083457526,0.9810211909953737,0.11586432303576431,0.1703306842017408
short_median6,v_envelope_energy_200_500_hz_ratio,0.8141898110469317,0.6578152951699464,0.9998543716995373,0.06509006410853414,0.1036472588590601
short_median6,v_envelope_energy_500_1000_hz_ratio,0.8375252233432597,0.6620783091721988,1.0089762662896806,0.050830682611966986,0.08315363675753916
short_median6,m_mean,0.9949099350583168,0.9655937846836846,0.9992666570775308,0.025608851295169734,0.030436871239331066
short_median6,m_median,0.9946362295508662,0.958625347793215,0.9990541340798191,0.026630486376441914,0.030541949936950225
short_median6,m_std,0.991782268136589,0.9582515154102279,0.9958548161253259,0.029055676328668234,0.03960385755109208
short_median6,m_rms,0.9942345050421458,0.9666182873730044,0.9983761809767063,0.025785298931801027,0.03260712647072127
short_median6,m_peak,0.9008068791994834,0.676411215180746,0.85407399114912,0.06792387259511938,0.05112902033231923
short_median6,m_peak_to_peak,0.8999161308358962,0.6719813678674819,0.8500523139008305,0.06852235075763201,0.05204652525856049
short_median6,m_kurtosis,0.7930835930090772,0.6574463327370306,0.886651897824327,0.17292890019264762,0.2646484142577157
short_median6,m_skewness,0.8429282200357784,0.6680802059341551,0.9814991767416206,0.039896181181980996,0.058411361328075596
short_median6,m_crest_factor,0.6426545660805445,0.36298679941330725,0.8536826894809576,0.07380137061161754,0.04702269503349348
short_median6,m_shape_factor,0.9404662087424381,0.7349606531590805,0.9994270550778188,0.0014205217420524008,0.0023615157771639536
short_median6,m_impulse_factor,0.6311482051697593,0.4038812886109417,0.8522450611610077,0.06605765701189459,0.045566296339510384
short_median6,m_clearance_factor,0.6314997967755045,0.40341883202329326,0.8522612741292168,0.06301783637723458,0.04345058394593202
short_median6,m_zero_crossing_rate,,,,,
short_median6,m_q05,0.9862223207658124,0.9142832749935967,1.0025569376822663,0.030630559263830254,0.033863504488851094
short_median6,m_q95,0.9926919689241344,0.9599590198924272,0.997585382515694,0.0286251611918146,0.030431787105682673
short_median6,m_dominant_freq,0.44695995132969996,-0.0029568821518753947,1.0202898550724637,0.0,0.7413
short_median6,m_spectral_centroid,0.9792158715162967,0.9045087996056949,0.9998314245334452,0.022172907970279137,0.032673882589579345
short_median6,m_spectral_spread,0.9729357426464632,0.9310168189191496,0.9994589773187377,0.014109484059882592,0.02163824784838595
short_median6,m_spectral_entropy,0.8816951624665748,0.5995733143695275,1.0776749437153885,0.00952254347047149,0.013773283648251339
short_median6,m_spectral_energy,0.9945174554543257,0.967301289165884,0.9983944977152577,0.05087390938123417,0.06586097828211944
short_median6,m_low_band_energy_ratio,0.9766603309481218,0.8591028646447374,1.000106141682347,0.001783027252939348,0.002306408294373394
short_median6,m_mid_band_energy_ratio,0.9730545617173526,0.8517154618106101,0.998397349088803,0.02964147391034513,0.04171652960874633
short_median6,m_high_band_energy_ratio,0.9751810738466381,0.9431401007427643,0.997206794361921,0.04047124713368806,0.06078161002764109
short_median6,m_energy_0_500_hz_ratio,0.9093725397575185,0.8346888780009798,0.999789459289088,0.0014339115880279457,0.0022681738863398137
short_median6,m_energy_500_1000_hz_ratio,0.9417388873357563,0.6801844104840775,1.002402449837654,0.07183668086095168,0.08423741482724822
short_median6,m_energy_1000_2000_hz_ratio,0.9584359343142987,0.8691065308301855,0.9951685924238188,0.04958451641522257,0.057126049971056525
short_median6,m_energy_2000_5000_hz_ratio,0.970533801502289,0.8478671203956312,1.0011029123734714,0.03860157981980757,0.05589186907063895
short_median6,m_energy_5000_10000_hz_ratio,0.9764694725861768,0.9057580273675652,0.9988909917793429,0.029790275056459523,0.04921820477046
short_median6,m_energy_10000_15000_hz_ratio,0.9718923361413602,0.9029128844330034,0.9996030572955628,0.037268857057700444,0.059702038325610565
short_median6,m_envelope_rms,0.9922238372093024,0.9295032817437809,0.9978137881924829,0.025714988103882723,0.03742732872261489
short_median6,m_envelope_std,0.9878087924558727,0.9085973583988333,0.996674348601968,0.025732935138604366,0.03757020314248807
short_median6,m_envelope_peak,0.8938355236417826,0.7082659551325835,0.7993283284943205,0.08861877990747241,0.0688152529106006
short_median6,m_envelope_kurtosis,0.7862162762789457,0.5879610536809188,0.8428927741381705,0.15940095746355,0.3223735984003324
short_median6,m_envelope_crest_factor,0.6202005148353881,0.3165276051837387,0.8010262391400286,0.08118124792900949,0.056102048723800355
short_median6,m_envelope_energy_0_50_hz_ratio,0.812801878354204,0.6705544458963824,0.7741225968982894,0.14384986964363364,0.2183648762215212
short_median6,m_envelope_energy_50_100_hz_ratio,0.7945874542744884,0.5945552524269037,0.9814471301353653,0.13521987929742416,0.22478202341999112
short_median6,m_envelope_energy_100_200_hz_ratio,0.9038273946619697,0.6375557343856249,0.971660246511344,0.09504206749967446,0.1610610536962608
short_median6,m_envelope_energy_200_500_hz_ratio,0.8206939873547364,0.619157295759382,0.9952441682353341,0.04782605740022915,0.08304874667656512
short_median6,m_envelope_energy_500_1000_hz_ratio,0.842718048860424,0.5901466655862573,1.0049780338456715,0.04218516056286671,0.0659879577559139
short_median6,cross_axis_rms_ratio,0.9618445914029287,0.8078173689202003,0.9993022558767215,0.02146985041024925,0.025672956490112038
short_median6,cross_axis_correlation,0.9708870485785024,0.7438961731632517,1.0063563969435099,0.11783841909113354,0.1808638708632344
short_last1,h_mean,0.7813618067978535,0.5209007513011078,0.9065671505277142,1.683313323088744,3.0120541394919895
short_last1,h_median,0.7752693604992558,0.5305634427243247,0.93467055861298,2.286835045772304,3.8973875201169887
short_last1,h_std,0.971183712029923,0.8381888739638462,0.9977471056813896,0.03264867049312829,0.04167529338781684
short_last1,h_rms,0.9713379541708039,0.832146513548913,0.9977538041262177,0.03263539302168857,0.041369009028330246
short_last1,h_peak,0.8338227624029965,0.5052140459018588,0.816757496415115,0.08226552053486151,0.09407694204117369
short_last1,h_peak_to_peak,0.8628785792846831,0.543354544472655,0.8161485936506532,0.06280350157601229,0.09348843591997273
short_last1,h_kurtosis,0.6681140766833761,0.18520525674027905,0.8810497344493818,0.8155258710640009,3.7038532532125195
short_last1,h_skewness,0.6329697872916946,0.24248746782278818,1.0101913941675824,1.3791816193934139,2.204063377962486
short_last1,h_crest_factor,0.478175701078731,0.12601383078630582,0.8113958518055601,0.07127846143270888,0.10006775990664848
short_last1,h_shape_factor,0.7254748801704243,0.45505133561491623,0.9989098058599951,0.0020614047789540117,0.005654006288971507
short_last1,h_impulse_factor,0.48816673575429237,0.17570221121830443,0.8086847312839792,0.06971291279371143,0.1015239337561543
short_last1,h_clearance_factor,0.4912361543578226,0.16956374475003383,0.8087266913642541,0.06887662650857553,0.10369681557275384
short_last1,h_zero_crossing_rate,0.920654788234439,0.6262775502930572,1.0037444509524724,0.023500452881094605,0.05751465517241375
short_last1,h_q05,0.9639266193014759,0.8039518740901089,0.9973624706477865,0.032173506645157536,0.06105965285141438
short_last1,h_q95,0.9650564429834286,0.8451293434645265,0.9982285238640576,0.034405635350897884,0.055248726299752235
short_last1,h_dominant_freq,0.47351986759764814,-0.526697087303018,1.0003978493356933,0.0014525800130633572,0.00709377990430622
short_last1,h_spectral_centroid,0.9114155251141551,0.6306609182630338,0.9990854997025951,0.033649312141759154,0.0660065220733209
short_last1,h_spectral_spread,0.9024390243902438,0.6375579613045029,0.9983721702562708,0.020540814757791383,0.025063187631173243
short_last1,h_spectral_entropy,0.8537907416154936,0.40313436152717896,0.9971580839256274,0.013901008861987727,0.021473856307864393
short_last1,h_spectral_energy,0.9717775442723146,0.8303240694962722,0.9955306902237582,0.06496816151182189,0.08325412246355597
short_last1,h_low_band_energy_ratio,0.9020661157024791,0.6410862705009112,1.000859356238592,0.04007882392754624,0.06279323891206988
short_last1,h_mid_band_energy_ratio,0.9087505904581956,0.6613609493755278,0.9961988446815824,0.0620236670753501,0.1326304643329469
short_last1,h_high_band_energy_ratio,0.897170343754326,0.6471878750166674,0.9989665388822782,0.06497243200519091,0.101374325109812
short_last1,h_energy_0_500_hz_ratio,0.9023030279660283,0.6562931852052566,0.9963371883707723,0.12911368158525022,0.22847706718887298
short_last1,h_energy_500_1000_hz_ratio,0.8704037393307137,0.4417694079393035,0.9784208227361304,0.11836782928421118,0.20279613501107618
short_last1,h_energy_1000_2000_hz_ratio,0.9105377906976745,0.5702351215609583,1.0128931484643826,0.11239777497536818,0.16613738301129963
short_last1,h_energy_2000_5000_hz_ratio,0.9159362109023091,0.6555006096734858,1.006819099543833,0.07061558078283083,0.11986596325977253
short_last1,h_energy_5000_10000_hz_ratio,0.906463709716291,0.6669540868483044,0.9937525027544383,0.07828042685578608,0.11764314705465978
short_last1,h_energy_10000_15000_hz_ratio,0.902343855846091,0.6720657842730857,0.9967896071641285,0.1109053463648319,0.12077181658987676
short_last1,h_envelope_rms,0.9690015652951701,0.7489668584393485,0.9977223787246616,0.02405766969628425,0.04608304837826879
short_last1,h_envelope_std,0.9593358676207515,0.6789563244469654,0.9944093606766702,0.0315110856348236,0.050812210376121665
short_last1,h_envelope_peak,0.8561760012413308,0.5384490721983632,0.8080541176776559,0.08487023772159023,0.11868006252492277
short_last1,h_envelope_kurtosis,0.5402544181678477,0.17190184216635485,0.7766967312244152,0.3204798874195859,0.9295857203345996
short_last1,h_envelope_crest_factor,0.47621682588954334,0.10832047412910185,0.8077973899802627,0.06643076248566836,0.09542434931448758
short_last1,h_envelope_energy_0_50_hz_ratio,0.5472022761143476,0.20346811441536344,0.7651414847501553,0.15164786634314667,0.4685036327941244
short_last1,h_envelope_energy_50_100_hz_ratio,0.5172031076581576,0.20375287901368375,0.9656462234197238,0.12013851321892811,0.4205890640813938
short_last1,h_envelope_energy_100_200_hz_ratio,0.5868893557401663,0.45795635361571624,0.9706810768518699,0.10402079033522087,0.3408707649207284
short_last1,h_envelope_energy_200_500_hz_ratio,0.5838757092506835,0.2499797423223402,0.9946766842443784,0.048429607786299726,0.19700243232471357
short_last1,h_envelope_energy_500_1000_hz_ratio,0.5441455886357378,0.2263808139534884,1.0047383225786781,0.05907045611678214,0.14738315747866265
short_last1,v_mean,0.7485164611841212,0.5283692108300764,0.9592403205300946,3.113398917713801,3.0527346811657363
short_last1,v_median,0.7967674950308814,0.5063609107851876,0.9402095043213821,2.520930595294336,2.3207957287561944
short_last1,v_std,0.9600898460470632,0.8251837334639881,1.0017678057371249,0.03358388909950331,0.045439127852951455
short_last1,v_rms,0.961057715481091,0.8254840290180335,1.0010359072211545,0.03346996735571731,0.04645780008468196
short_last1,v_peak,0.7907323091339739,0.5798388550541451,0.8498940807342896,0.07801046936291087,0.10455318007010028
short_last1,v_peak_to_peak,0.8247500795311039,0.6216831290056118,0.8406142714213918,0.060617566225590246,0.10309950418774531
short_last1,v_kurtosis,0.7348800975477575,0.4008128979813032,0.9423013065726223,0.9690871884224886,2.375104931563585
short_last1,v_skewness,0.7344830530180142,0.34634195908413484,0.987201111615624,1.4371596298681104,1.9805160905035704
short_last1,v_crest_factor,0.4780653028044979,0.1888975849731664,0.8500480082492226,0.0784886827796095,0.09522128113275859
short_last1,v_shape_factor,0.6925958542202951,0.3975748543557782,0.9992141300086376,0.0018797203023404694,0.007681901406340653
short_last1,v_impulse_factor,0.49584067199566445,0.23083631484794281,0.8481651990483501,0.06981475598094437,0.1006929622062244
short_last1,v_clearance_factor,0.5091343593385134,0.24817195885509843,0.847813096768545,0.06970403147828816,0.10614955935222883
short_last1,v_zero_crossing_rate,0.9021713338074763,0.630501382732438,0.9983768572107754,0.03164210003860349,0.06537623318385662
short_last1,v_q05,0.9522635272354983,0.7606486383967378,0.9994534285112646,0.03544732393028823,0.05812030743256298
short_last1,v_q95,0.946065379387466,0.8247350382363365,1.0002109356848459,0.034212789040142806,0.058356516322986766
short_last1,v_dominant_freq,0.3836998518641295,0.10773267723062938,1.0033594624860023,0.0011664830841856804,0.030257142857142854
short_last1,v_spectral_centroid,0.9307542093979161,0.709978221254278,0.998557037648302,0.04339029610632791,0.07352901300215434
short_last1,v_spectral_spread,0.921322564840132,0.6033817589388141,0.9975986514852259,0.017210781439746733,0.04059919578199578
short_last1,v_spectral_entropy,0.827658118138584,0.6163800906354062,1.0026577658127391,0.02028688727050911,0.027332223357417095
short_last1,v_spectral_energy,0.9615204419037338,0.8201144028003073,1.0025662424947932,0.0666931687693728,0.09564992659263014
short_last1,v_low_band_energy_ratio,0.9381334772926649,0.7419982173243659,1.0001245004673822,0.03171841236686636,0.04207962765686249
short_last1,v_mid_band_energy_ratio,0.9262716415231251,0.7618276656279634,1.0011751293887419,0.08412957448185578,0.16455225905264562
short_last1,v_high_band_energy_ratio,0.9099018507689146,0.7019690462685358,0.9920368155976682,0.07027898066883904,0.1121247676823513
short_last1,v_energy_0_500_hz_ratio,0.887902330743618,0.5605493577492334,0.9963952416466493,0.08331835707326993,0.19227066854144464
short_last1,v_energy_500_1000_hz_ratio,0.8346035308435144,0.6705738032801458,0.9869571329035435,0.07272520902139296,0.17380366244139683
short_last1,v_energy_1000_2000_hz_ratio,0.8538447882669433,0.3057444790678769,1.0210615301823842,0.10988026753840431,0.21078225803880338
short_last1,v_energy_2000_5000_hz_ratio,0.9424827770123118,0.6425958542202952,1.0052202249692634,0.07023249373403057,0.14507591136744935
short_last1,v_energy_5000_10000_hz_ratio,0.9323763893842847,0.5590097337659452,0.9958876987852621,0.07379605459071938,0.1382614004521954
short_last1,v_energy_10000_15000_hz_ratio,0.9334156861950954,0.6958107122599465,0.997443673771619,0.08282153627253948,0.14220008997366398
short_last1,v_envelope_rms,0.9741567292954026,0.7737622558949843,0.9972111707128596,0.03629151910149272,0.0584319523540182
short_last1,v_envelope_std,0.9620998571556789,0.7650109391459363,0.9931017136429625,0.03225421642262187,0.07505703745475777
short_last1,v_envelope_peak,0.8349840455785528,0.6840569612646971,0.8136964060036793,0.08607436556803146,0.15811458566585898
short_last1,v_envelope_kurtosis,0.5765546673892424,0.23219753420945663,0.6964837115385036,0.30672894733740674,0.9234576746450621
short_last1,v_envelope_crest_factor,0.42832303657940357,0.025090621899110998,0.8171713088584094,0.07917947499127848,0.10443952959354963
short_last1,v_envelope_energy_0_50_hz_ratio,0.4399425287356321,0.2429071910248881,0.7647207819381329,0.1633224371321446,0.46855086916839933
short_last1,v_envelope_energy_50_100_hz_ratio,0.4484043206926218,0.17582378565868712,0.934007528167293,0.161232105612892,0.4748912244389477
short_last1,v_envelope_energy_100_200_hz_ratio,0.6370425872299064,0.32897303888362,0.9983459703674702,0.11586432303576431,0.32048151691844334
short_last1,v_envelope_energy_200_500_hz_ratio,0.5143557238614042,0.3397009630493672,1.0061597722691036,0.06509006410853414,0.19333809320743095
short_last1,v_envelope_energy_500_1000_hz_ratio,0.5421165385128228,0.3874078275666478,1.005783674184528,0.050830682611966986,0.17372157687192802
short_last1,m_mean,0.974546190701127,0.8522154870656535,1.0002599802545995,0.025608851295169734,0.04670933521178062
short_last1,m_median,0.9709523488186017,0.8476022995045325,1.0010504670738505,0.026630486376441914,0.041397834074671784
short_last1,m_std,0.9537087040718998,0.8447024673439767,0.9978883883937384,0.029055676328668234,0.04568263303348336
short_last1,m_rms,0.9720791835207246,0.8533617095072861,1.000305046703873,0.025785298931801027,0.04763339198142505
short_last1,m_peak,0.8021241959191414,0.5456789973210985,0.8535361962046786,0.06792387259511938,0.0915820323677435
short_last1,m_peak_to_peak,0.8009577847671128,0.5478513262920262,0.8476581108840755,0.06852235075763201,0.09716370870562593
short_last1,m_kurtosis,0.615162002448594,0.2977916271507925,0.8824061314817091,0.17292890019264762,0.5767556541310244
short_last1,m_skewness,0.6608896098352258,0.2368310527028857,0.9803165193947914,0.039896181181980996,0.13422826924303147
short_last1,m_crest_factor,0.47509365950466786,0.18603989600811732,0.8496278010154844,0.07380137061161754,0.08050185649149916
short_last1,m_shape_factor,0.7436182019977802,0.4430988242345506,0.9993571992306185,0.0014205217420524008,0.005106787241956799
short_last1,m_impulse_factor,0.49479031531223966,0.1722056631892697,0.8476480801481981,0.06605765701189459,0.07543916156513504
short_last1,m_clearance_factor,0.4931406956260498,0.16311475409836063,0.847972927369455,0.06301783637723458,0.0781230012220226
short_last1,m_zero_crossing_rate,,,,,
short_last1,m_q05,0.9255791898116783,0.7583569091684973,1.0036749368337872,0.030630559263830254,0.06434613763818652
short_last1,m_q95,0.9628391792004064,0.8372974280416029,0.9991524668809066,0.0286251611918146,0.05316518062567434
short_last1,m_dominant_freq,0.24150955526113432,0.018789775504247225,1.0129496402877698,0.0,0.9531
short_last1,m_spectral_centroid,0.9088891673816434,0.6885514911773857,0.998604093646136,0.022172907970279137,0.05622252098669433
short_last1,m_spectral_spread,0.9159352787509367,0.7498199919996444,0.9985937725034646,0.014109484059882592,0.0397586528881777
short_last1,m_spectral_entropy,0.702467343976778,0.34575260804768987,1.0850801183316137,0.00952254347047149,0.033941114564274816
short_last1,m_spectral_energy,0.9753328256196198,0.8536668658755229,1.0009043635733788,0.05087390938123417,0.09570076712002157
short_last1,m_low_band_energy_ratio,0.8946010025741766,0.6138213670155881,1.0001045859558935,0.001783027252939348,0.0037567271405784812
short_last1,m_mid_band_energy_ratio,0.8818352799860915,0.5906584473648556,0.9973283932248075,0.02964147391034513,0.06777607652507207
short_last1,m_high_band_energy_ratio,0.9013628723598146,0.8016368203549146,0.9954413947201968,0.04047124713368806,0.0931690376071824
short_last1,m_energy_0_500_hz_ratio,0.7448134551353197,0.5142567938842991,0.9998893082585784,0.0014339115880279457,0.004019910559742513
short_last1,m_energy_500_1000_hz_ratio,0.7732379216854084,0.47234114618615347,1.0155059641638777,0.07183668086095168,0.15642479205030818
short_last1,m_energy_1000_2000_hz_ratio,0.8269184020743863,0.6954662520783925,1.001648824678589,0.04958451641522257,0.11607977308626732
short_last1,m_energy_2000_5000_hz_ratio,0.8991101826747856,0.4706001896761955,0.9997006461869726,0.03860157981980757,0.07484967573242622
short_last1,m_energy_5000_10000_hz_ratio,0.8960235740414575,0.6966905195786479,0.9976182834678433,0.029790275056459523,0.06350310735486331
short_last1,m_energy_10000_15000_hz_ratio,0.9006631079820919,0.5796640021677278,0.9989796124338304,0.037268857057700444,0.08514306522875238
short_last1,m_envelope_rms,0.9653070864623602,0.8517886109451037,0.9982507189664187,0.025714988103882723,0.037944762841167594
short_last1,m_envelope_std,0.9475872392406585,0.8813710396240175,0.9966058870741203,0.025732935138604366,0.054347776246996424
short_last1,m_envelope_peak,0.8129724969516324,0.6540703025287552,0.8112984289271099,0.08861877990747241,0.11003265102678979
short_last1,m_envelope_kurtosis,0.6141588515045113,0.24029264327326916,0.8532940335594383,0.15940095746355,0.5801045407538032
short_last1,m_envelope_crest_factor,0.48043201920085343,0.16234250101612244,0.809359660554356,0.08118124792900949,0.09272137747261253
short_last1,m_envelope_energy_0_50_hz_ratio,0.5131218506329459,0.38869324067975036,0.7734489796544544,0.14384986964363364,0.4114693247495468
short_last1,m_envelope_energy_50_100_hz_ratio,0.5107999658499104,0.3797520661157024,0.9845389633029453,0.13521987929742416,0.382320096520028
short_last1,m_envelope_energy_100_200_hz_ratio,0.7746411940624617,0.40159943044820257,0.9740297195682632,0.09504206749967446,0.2985617087743046
short_last1,m_envelope_energy_200_500_hz_ratio,0.5656873638828392,0.29183714943774547,1.003245794028945,0.04782605740022915,0.1761220703386662
short_last1,m_envelope_energy_500_1000_hz_ratio,0.5086655852471613,0.24187667125840698,1.0064877747927437,0.04218516056286671,0.1387093994730667
short_last1,cross_axis_rms_ratio,0.8669015038612653,0.515045386803956,0.9995411370639754,0.02146985041024925,0.05143867943781595
short_last1,cross_axis_correlation,0.9029852415026836,0.34699675541135167,0.9969388981520928,0.11783841909113354,0.36635610583134826
short_concat6,h_mean,0.982008089248411,0.9248131872582573,0.993810272194934,1.683313323088744,1.9471938141045233
short_concat6,h_median,0.9773759138130051,0.8923730280241006,1.0005332485310625,2.286835045772304,2.695323029439075
short_concat6,h_std,0.9956451252236137,0.9737044309741312,0.9996550374819944,0.03264867049312829,0.03893677256380851
short_concat6,h_rms,0.995421511627907,0.97669256381798,0.9996551459211725,0.03263539302168857,0.03878683459659045
short_concat6,h_peak,0.9286861461637088,0.8356823287103428,0.991542167745126,0.08226552053486151,0.10362264395425597
short_concat6,h_peak_to_peak,0.9509210831774297,0.8406936228830727,0.9635369526952466,0.06280350157601229,0.07387625916092198
short_concat6,h_kurtosis,0.88354819431401,0.777675452242322,0.9822750548582279,0.8155258710640009,1.0540894027805707
short_concat6,h_skewness,0.870512924398347,0.6253082238179107,0.9966615950193919,1.3791816193934139,1.6574636333130264
short_concat6,h_crest_factor,0.8490231365205313,0.6561376061158275,0.986190068309119,0.07127846143270888,0.08927286873873949
short_concat6,h_shape_factor,0.9319559191030874,0.7855158007022535,0.9999429943140069,0.0020614047789540117,0.0026897266509781272
short_concat6,h_impulse_factor,0.8448448719685677,0.659561758300369,0.9869133786429274,0.06971291279371143,0.09197840102435786
short_concat6,h_clearance_factor,0.8431414075958968,0.6625023334370417,0.9862488871302613,0.06887662650857553,0.091876233963313
short_concat6,h_zero_crossing_rate,0.9850903492423629,0.9256120253363008,1.0002551337480843,0.023500452881094605,0.039704255760847046
short_concat6,h_q05,0.9943928890876568,0.9712303322841855,0.9999840056607043,0.032173506645157536,0.036638275746345546
short_concat6,h_q95,0.9955900284514291,0.9772048151626398,0.9997540417557785,0.034405635350897884,0.02970454074039572
short_concat6,h_dominant_freq,0.6854275973426529,0.225652198230088,1.0000478583393158,0.0014525800130633572,0.0035610888710968765
short_concat6,h_spectral_centroid,0.9908430232558142,0.9422552113427264,1.000211818616536,0.033649312141759154,0.038705123227135346
short_concat6,h_spectral_spread,0.9799623840305983,0.9178313554992145,0.9999251044620507,0.020540814757791383,0.024077192362916753
short_concat6,h_spectral_entropy,0.9629412122071243,0.8220181057839019,1.0274463527530702,0.013901008861987727,0.013446920977125458
short_concat6,h_spectral_energy,0.9953152951699465,0.9747289336634508,0.999310195044111,0.06496816151182189,0.07718082145535932
short_concat6,h_low_band_energy_ratio,0.989702409069438,0.9378959064847326,0.999728635604309,0.04007882392754624,0.04855691180987088
short_concat6,h_mid_band_energy_ratio,0.9876047824347749,0.9410960487132762,1.000068037436721,0.0620236670753501,0.09426408598274029
short_concat6,h_high_band_energy_ratio,0.9859217107794497,0.937874572203209,1.0007716820532746,0.06497243200519091,0.07581191764362274
short_concat6,h_energy_0_500_hz_ratio,0.9884895000101255,0.9415187643950682,1.0000743518357342,0.12911368158525022,0.1192173735597702
short_concat6,h_energy_500_1000_hz_ratio,0.9786347615811352,0.8594838097818722,1.0008738393968921,0.11836782928421118,0.11601914916972325
short_concat6,h_energy_1000_2000_hz_ratio,0.986305306250984,0.8840695142006313,1.0003705921649795,0.11239777497536818,0.09404390442659918
short_concat6,h_energy_2000_5000_hz_ratio,0.9882853123864013,0.9342907465113126,1.001833812066564,0.07061558078283083,0.08051801172353733
short_concat6,h_energy_5000_10000_hz_ratio,0.9864853147214839,0.9322778790168452,0.9986622329155361,0.07828042685578608,0.07417638841787548
short_concat6,h_energy_10000_15000_hz_ratio,0.987508467687305,0.9241321469541999,1.0021737752452733,0.1109053463648319,0.10262023978031354
short_concat6,h_envelope_rms,0.9943313953488373,0.9398752127056156,0.9998759397187535,0.02405766969628425,0.03493489593454237
short_concat6,h_envelope_std,0.9908821556350628,0.9021149015476867,0.9992939066880864,0.0315110856348236,0.03979406976776617
short_concat6,h_envelope_peak,0.9405863797129552,0.8329146746616969,0.9920941940787331,0.08487023772159023,0.10755417124708741
short_concat6,h_envelope_kurtosis,0.8287115563946033,0.7571074874071544,0.9940824190067882,0.3204798874195859,0.4623693081358354
short_concat6,h_envelope_crest_factor,0.772859167285242,0.5193535975375145,0.9831634356667065,0.06643076248566836,0.08385183257723638
short_concat6,h_envelope_energy_0_50_hz_ratio,0.8910836151556267,0.7727898873673124,0.9613271427636235,0.15164786634314667,0.20672878272936085
short_concat6,h_envelope_energy_50_100_hz_ratio,0.8376855115297687,0.6736553312559272,1.014955821504186,0.12013851321892811,0.20431376719970273
short_concat6,h_envelope_energy_100_200_hz_ratio,0.8771916324092263,0.7841019268322658,0.9939687654035612,0.10402079033522087,0.15977919065195276
short_concat6,h_envelope_energy_200_500_hz_ratio,0.8553002355660252,0.5882019285309132,0.9938137973693196,0.048429607786299726,0.08347048708965155
short_concat6,h_envelope_energy_500_1000_hz_ratio,0.9217280768034135,0.7886227140832714,1.0023596816214089,0.05907045611678214,0.08010286291230136
short_concat6,v_mean,0.9816443268163578,0.7388388246491566,0.9887705329578594,3.113398917713801,3.0345053522768
short_concat6,v_median,0.9804490736788185,0.9478211942626849,0.9874786654288934,2.520930595294336,2.5867458321749788
short_concat6,v_std,0.9959415840025191,0.8912319644839067,0.9995527138481572,0.03358388909950331,0.037459820172260454
short_concat6,v_rms,0.9960518028656904,0.8915734653803465,0.999576067730666,0.03346996735571731,0.03742709363490434
short_concat6,v_peak,0.909206384943387,0.7542682156934035,0.996464726623828,0.07801046936291087,0.08035287477826107
short_concat6,v_peak_to_peak,0.9469175672158331,0.7750331249743291,0.9666224452614003,0.060617566225590246,0.0584020582256791
short_concat6,v_kurtosis,0.9450327056220897,0.7374604975285632,1.006888343988712,0.9690871884224886,1.1968028609772239
short_concat6,v_skewness,0.8886707077606079,0.7538777639044744,0.9967093108217272,1.4371596298681104,1.7292131467030167
short_concat6,v_crest_factor,0.8239562878852555,0.6156529385008801,0.9847524290291793,0.0784886827796095,0.06914492145430051
short_concat6,v_shape_factor,0.942715787119857,0.7989025877252403,0.9999538636594261,0.0018797203023404694,0.002888902910841458
short_concat6,v_impulse_factor,0.8155041406983692,0.6212693520587685,0.985610792015241,0.06981475598094437,0.07521793393314463
short_concat6,v_clearance_factor,0.8125160078545206,0.627421241665513,0.984662806555116,0.06970403147828816,0.07437638917752024
short_concat6,v_zero_crossing_rate,0.9843311214398861,0.9105191265127903,1.0000979087985373,0.03164210003860349,0.02879682165979961
short_concat6,v_q05,0.9942040802666426,0.9138563988730469,0.9998386751042885,0.03544732393028823,0.031275316005883874
short_concat6,v_q95,0.994599602348184,0.9494578673269016,1.0004254035729425,0.034212789040142806,0.03630465414310657
short_concat6,v_dominant_freq,0.615286548035107,0.2926767928799535,1.0008469449485784,0.0011664830841856804,0.0035300000000001606
short_concat6,v_spectral_centroid,0.9878544296191274,0.9204302911295141,1.0008128464718,0.04339029610632791,0.041173240056387055
short_concat6,v_spectral_spread,0.9840775145562025,0.925127623369257,0.9999955021481033,0.017210781439746733,0.022725891895030114
short_concat6,v_spectral_entropy,0.9454754031985965,0.7994155400625838,1.041153450625453,0.02028688727050911,0.013752595072860746
short_concat6,v_spectral_energy,0.9959573295544009,0.8943908477759753,0.9991845179840824,0.0666931687693728,0.07458328852197126
short_concat6,v_low_band_energy_ratio,0.9850547644260402,0.9319342030629608,0.9998769947509923,0.03171841236686636,0.0327443279721618
short_concat6,v_mid_band_energy_ratio,0.9912486832509522,0.9375907111756169,1.0011833454042511,0.08412957448185578,0.08657504322619208
short_concat6,v_high_band_energy_ratio,0.9862216098493266,0.9178348594117169,1.0003112205565152,0.07027898066883904,0.07396282529904381
short_concat6,v_energy_0_500_hz_ratio,0.9825633383010429,0.8894741106879509,1.0009288229025666,0.08331835707326993,0.10770564353640003
short_concat6,v_energy_500_1000_hz_ratio,0.9707933685941597,0.9109720432019202,0.9963231372906773,0.07272520902139296,0.08560808628465798
short_concat6,v_energy_1000_2000_hz_ratio,0.9728253577817534,0.5802029120511939,1.0072420478136062,0.10988026753840431,0.12106641973368519
short_concat6,v_energy_2000_5000_hz_ratio,0.9937963882749,0.9402373431230256,1.0046590268139677,0.07023249373403057,0.0797311889475979
short_concat6,v_energy_5000_10000_hz_ratio,0.990082644628099,0.9188657273656607,1.0002052877018275,0.07379605459071938,0.0737419536632035
short_concat6,v_energy_10000_15000_hz_ratio,0.9910310256062862,0.9124868325095213,1.001705149008686,0.08282153627253948,0.09118899550913541
short_concat6,v_envelope_rms,0.9945977686435701,0.9207519649947332,1.0006262904407959,0.03629151910149272,0.034420319901454124
short_concat6,v_envelope_std,0.9933960589383987,0.8915809091645734,1.0009505796163327,0.03225421642262187,0.03757242725535175
short_concat6,v_envelope_peak,0.9227197294179007,0.8557020312013867,0.9999308605426267,0.08607436556803146,0.09663850910532013
short_concat6,v_envelope_kurtosis,0.844717256824482,0.5778943318280311,1.0104650291372725,0.30672894733740674,0.49174896535091267
short_concat6,v_envelope_crest_factor,0.738256701579975,0.3400960478664777,0.9826610204433713,0.07917947499127848,0.08323038102232269
short_concat6,v_envelope_energy_0_50_hz_ratio,0.8647181546213195,0.7459516258085662,0.978189865915492,0.1633224371321446,0.2425609087963387
short_concat6,v_envelope_energy_50_100_hz_ratio,0.8045265603515038,0.6924103226552786,1.0045782663139005,0.161232105612892,0.19446324332138482
short_concat6,v_envelope_energy_100_200_hz_ratio,0.9237975884026551,0.7854017070857605,0.9930498075262728,0.11586432303576431,0.15612267650322909
short_concat6,v_envelope_energy_200_500_hz_ratio,0.8663257063491941,0.7413237924865833,1.0061546393797864,0.06509006410853414,0.0987456915837777
short_concat6,v_envelope_energy_500_1000_hz_ratio,0.8927098982176985,0.7738179108521879,1.0077334563537175,0.050830682611966986,0.06524975514068525
short_concat6,m_mean,0.9961695207641486,0.9550926321181592,0.9998519007396096,0.025608851295169734,0.028127164990559207
short_concat6,m_median,0.9963907339033867,0.9573123879450184,0.9998453088913283,0.026630486376441914,0.030192510961853408
short_concat6,m_std,0.9945052855441243,0.9561171348074788,1.0003114455248059,0.029055676328668234,0.03185964112503575
short_concat6,m_rms,0.9953145845725091,0.9565440109280287,0.9996909026142955,0.025785298931801027,0.028343261259593057
short_concat6,m_peak,0.9262853439964596,0.814370416462954,0.990225554052368,0.06792387259511938,0.08714940046144061
short_concat6,m_peak_to_peak,0.9262031578448262,0.8151811191608518,0.9900907342333024,0.06852235075763201,0.0873134464990587
short_concat6,m_kurtosis,0.8888497493564556,0.7740863787375416,0.9965496807570445,0.17292890019264762,0.25633612013814294
short_concat6,m_skewness,0.8953664815065707,0.7750587472652136,1.0003590126242825,0.039896181181980996,0.044443765692699526
short_concat6,m_crest_factor,0.8112114053175654,0.6376870083114805,0.982790108713914,0.07380137061161754,0.07667809178962665
short_concat6,m_shape_factor,0.9481025276871186,0.8185021556513623,0.9999538367577694,0.0014205217420524008,0.0018644419026614416
short_concat6,m_impulse_factor,0.8207848837209304,0.6577803457931464,0.9835139776669389,0.06605765701189459,0.07609818755134388
short_concat6,m_clearance_factor,0.8104254166102153,0.6691088492821904,0.9834675782946909,0.06301783637723458,0.0762528376278868
short_concat6,m_zero_crossing_rate,,,,,
short_concat6,m_q05,0.9911002284711713,0.9329804490736788,1.0005026699095287,0.030630559263830254,0.03244536340607399
short_concat6,m_q95,0.9946665368542913,0.9529582515154102,1.0000040837915765,0.0286251611918146,0.034968873377812716
short_concat6,m_dominant_freq,0.557699671469268,0.12839947058367537,0.9928721174004194,0.0,0.6833859375000001
short_concat6,m_spectral_centroid,0.9848781305903401,0.9230496577973375,0.9999359439262776,0.022172907970279137,0.02755599902116288
short_concat6,m_spectral_spread,0.9821433410107029,0.9471527362759327,0.9997064159443586,0.014109484059882592,0.015409699615518415
short_concat6,m_spectral_entropy,0.9173486751478811,0.6272260989377306,1.030460071347699,0.00952254347047149,0.012079154734538017
short_concat6,m_spectral_energy,0.9955518978214339,0.9562025100315887,0.9996451065459925,0.05087390938123417,0.05630336547594275
short_concat6,m_low_band_energy_ratio,0.9842171729343604,0.8704513059074264,1.0000342203560844,0.001783027252939348,0.0023230294722732863
short_concat6,m_mid_band_energy_ratio,0.9810935285781766,0.9134084621094543,0.9990532940053817,0.02964147391034513,0.04677807775383136
short_concat6,m_high_band_energy_ratio,0.9810687360718179,0.955604883462819,0.9995278529277423,0.04047124713368806,0.05157507175179528
short_concat6,m_energy_0_500_hz_ratio,0.9281845378680523,0.8794399751100049,0.9999291017836345,0.0014339115880279457,0.0019398514755309872
short_concat6,m_energy_500_1000_hz_ratio,0.953839183287864,0.7565098608383847,1.0054229085607602,0.07183668086095168,0.08683887706704464
short_concat6,m_energy_1000_2000_hz_ratio,0.9676939835924924,0.9102469122655962,1.0004049158280752,0.04958451641522257,0.05862278431627176
short_concat6,m_energy_2000_5000_hz_ratio,0.9803928515194456,0.8831615782827067,1.0012210361416907,0.03860157981980757,0.04468430785121513
short_concat6,m_energy_5000_10000_hz_ratio,0.9795423809516565,0.9361393323657474,0.9990707166879962,0.029790275056459523,0.043874277492617415
short_concat6,m_energy_10000_15000_hz_ratio,0.9789796882380727,0.9430023032109467,0.9996782490331306,0.037268857057700444,0.04912839729104513
short_concat6,m_envelope_rms,0.9941748658318428,0.9489506522972206,1.0001409908523118,0.025714988103882723,0.03304453269754736
short_concat6,m_envelope_std,0.9912790697674421,0.9277206061097157,0.9997072227874781,0.025732935138604366,0.03254748785119198
short_concat6,m_envelope_peak,0.9078783362687981,0.8001782675634066,0.9928852574011604,0.08861877990747241,0.09569739954279961
short_concat6,m_envelope_kurtosis,0.8661698956780921,0.7471185861862887,0.995748575474924,0.15940095746355,0.23625714185587215
short_concat6,m_envelope_crest_factor,0.7761931772141643,0.575934063708714,0.9792837620660212,0.08118124792900949,0.09531707637721398
short_concat6,m_envelope_energy_0_50_hz_ratio,0.8523156679694621,0.7532265967030708,0.9724075318718105,0.14384986964363364,0.1778484243049592
short_concat6,m_envelope_energy_50_100_hz_ratio,0.8275504674163391,0.6338792862444932,1.019168948211334,0.13521987929742416,0.20982728433250877
short_concat6,m_envelope_energy_100_200_hz_ratio,0.9182509661472914,0.7599751100048892,0.9958450431792931,0.09504206749967446,0.11968802744327199
short_concat6,m_envelope_energy_200_500_hz_ratio,0.8655013724071063,0.6979847993244145,1.002065091264066,0.04782605740022915,0.06962144836122543
short_concat6,m_envelope_energy_500_1000_hz_ratio,0.8859626565295171,0.7001863706344704,1.0047337417945172,0.04218516056286671,0.06866178785987545
short_concat6,cross_axis_rms_ratio,0.9620217288615965,0.8585218805039966,0.9998357834317071,0.02146985041024925,0.03029454376183473
short_concat6,cross_axis_correlation,0.9721106912297276,0.811099159962665,1.0020117117836194,0.11783841909113354,0.18347489134462525
