bearing,life,fpt_3s_k3,fpt_3s_k5,fpt_3s_med5_k5,fpt_6s_med5_k5,fpt_ratio1.3_med5_k5,fpt_rms_or_kurt_3s_med5_k5,fpt_ratio1.5_med5_k5,crit_ratio2,crit_ratio3,crit_ratio5,gt_hinge_rul,gt_perm_rul,commission_contaminated,n_episodes_3s_med5_k5
Bearing1_1,123,50,48,46,41.0,46.0,48,41.0,40.0,39.0,19.0,67,48,False,1
Bearing1_2,161,127,125,123,123.0,123.0,123,116.0,104.0,99.0,93.0,155,129,False,1
Bearing1_3,158,97,95,93,93.0,79.0,93,65.0,51.0,35.0,14.0,83,85,False,1
Bearing1_4,122,36,34,32,,,36,,,,,75,4,False,1
Bearing1_5,52,18,16,15,11.0,11.0,15,11.0,12.0,9.0,6.0,22,17,False,1
Bearing2_1,491,36,34,32,32.0,30.0,32,30.0,32.0,24.0,16.0,47,38,True,1
Bearing2_2,161,112,110,108,108.0,104.0,108,102.0,98.0,90.0,74.0,141,110,False,1
Bearing2_3,533,403,401,399,398.0,260.0,404,212.0,205.0,202.0,171.0,309,260,False,1
Bearing2_4,42,9,7,5,5.0,5.0,5,5.0,7.0,7.0,5.0,16,11,False,1
Bearing2_5,339,215,213,211,187.0,186.0,211,168.0,152.0,144.0,72.0,237,217,True,1
Bearing3_1,2538,200,194,196,185.0,143.0,1662,135.0,119.0,83.0,27.0,174,156,False,1
Bearing3_2,2496,2325,2317,2321,827.0,1258.0,2321,687.0,284.0,218.0,7.0,1307,1031,False,14
Bearing3_3,371,27,25,23,22.0,23.0,25,22.0,23.0,22.0,21.0,39,29,True,1
Bearing3_4,1515,508,506,504,91.0,91.0,504,89.0,72.0,66.0,55.0,114,97,False,9
Bearing3_5,114,79,77,75,15.0,89.0,75,89.0,87.0,38.0,11.0,108,90,False,2
