bearing,life,li2015_kurt3s_l2,rms3s_std_l2,rms3s_std_med5_k5,dual_z3_ratio1.2_med5_k5,dual_z3_ratio1.15_med5_k5,peakratio_end,rmsratio_end,peak10x_rul,rms_ratio_at_rul30
Bearing1_1,123,52.0,51,48,46,46,5.0,11.05,,4.39
Bearing1_2,161,115.0,127,123,123,123,10.8,19.47,0.0,7.22
Bearing1_3,158,96.0,97,93,82,93,10.4,13.84,9.0,3.3
Bearing1_4,122,40.0,36,33,30,32,26.0,5.13,0.0,1.24
Bearing1_5,52,1.0,20,16,11,11,13.6,14.43,1.0,1.02
Bearing2_1,491,36.0,36,32,32,32,22.8,17.11,3.0,2.69
Bearing2_2,161,111.0,112,108,108,108,15.8,15.23,0.0,8.08
Bearing2_3,533,403.0,403,399,363,395,12.5,11.48,49.0,8.73
Bearing2_4,42,,9,5,5,5,4.8,16.29,,1.01
Bearing2_5,339,,215,211,191,204,5.9,10.15,,7.03
Bearing3_1,2538,1787.0,2512,2508,155,185,15.5,22.53,13.0,4.78
Bearing3_2,2496,,2325,1259,2321,2321,3.7,6.61,,2.54
Bearing3_3,371,29.0,27,23,23,23,10.2,7.99,0.0,0.83
Bearing3_4,1515,495.0,511,539,91,91,7.2,8.52,,9.18
Bearing3_5,114,,80,76,75,75,3.0,6.39,,3.02
