,0
load_kn,0.10509731150940545
speed_rpm,0.08059103857231813
h_spectral_entropy_std_60,0.07146450660804458
m_rms_baseline_ratio,0.042001945075094006
m_envelope_rms_baseline_ratio,0.035716606814218926
v_rms_baseline_ratio,0.032397191436823285
h_rms_baseline_ratio,0.031313563141035373
m_peak_baseline_ratio,0.0269016042812285
v_energy_500_1000_hz_ratio,0.02644875579888936
v_peak_baseline_ratio,0.023860000137070757
h_spectral_entropy_mean_5,0.02281462150597045
v_envelope_energy_100_200_hz_ratio_mean_20,0.021228706695335314
v_envelope_energy_100_200_hz_ratio_mean_60,0.02084398481636127
v_spectral_entropy_std_60,0.019179738472694
h_spectral_entropy_mean_20,0.018190073630819877
h_spectral_entropy,0.017287522375413467
h_peak_baseline_ratio,0.016047015469846097
h_spectral_entropy_std_20,0.01455080060085758
h_spectral_entropy_mean_60,0.013331639372763
h_envelope_energy_100_200_hz_ratio_mean_60,0.013072336053763728
v_spectral_entropy_mean_60,0.012883559163483169
v_envelope_rms_baseline_ratio,0.0124059825553518
v_envelope_energy_100_200_hz_ratio_mean_5,0.011120876735785983
cross_axis_correlation,0.010479069253083914
h_energy_500_1000_hz_ratio,0.00919801488031615
h_energy_5000_10000_hz_ratio,0.008788537356969424
h_mid_band_energy_ratio,0.008677220619116716
v_kurtosis_mean_60,0.008483781161564076
v_spectral_entropy_mean_20,0.008120729963409939
h_envelope_energy_100_200_hz_ratio_mean_20,0.007706568301156062
v_spectral_entropy_mean_5,0.007596908567945811
v_energy_1000_2000_hz_ratio,0.006492872239233391
cross_axis_rms_ratio,0.006467603346133
v_envelope_kurtosis_std_60,0.006407984315622099
h_envelope_rms_baseline_ratio,0.00612116125117283
v_spectral_entropy_baseline_delta,0.0058954717614228954
v_envelope_kurtosis_mean_60,0.005523269317801982
v_spectral_entropy_baseline_ratio,0.005055289125634599
v_envelope_energy_100_200_hz_ratio_std_60,0.005044977686947415
m_envelope_kurtosis_mean_60,0.004804365259331458
m_spectral_entropy_mean_60,0.004509898900320704
h_low_band_energy_ratio,0.004358521574178256
m_envelope_kurtosis_mean_20,0.004354791574618168
v_low_band_energy_ratio,0.004249923637945567
h_envelope_kurtosis_mean_60,0.004159804493876293
v_energy_5000_10000_hz_ratio,0.004107933729680104
v_envelope_energy_500_1000_hz_ratio,0.003936351306691725
h_high_band_energy_ratio,0.003856609780750476
h_kurtosis_mean_60,0.003714728800961862
h_energy_10000_15000_hz_ratio,0.0035791553542404795
h_envelope_kurtosis_std_60,0.003473586034722303
m_spectral_entropy_std_60,0.003379554395103449
v_kurtosis_mean_20,0.0032892401294489686
h_envelope_energy_100_200_hz_ratio_mean_5,0.0032006617351888872
m_mid_band_energy_ratio,0.0030924491457609412
m_kurtosis_mean_60,0.0029959501339774544
h_energy_2000_5000_hz_ratio,0.0027551106407082606
v_envelope_energy_100_200_hz_ratio_std_20,0.0027094656226436735
v_envelope_energy_100_200_hz_ratio,0.0026929035983636832
h_envelope_energy_100_200_hz_ratio_std_60,0.002669471919187975
h_spectral_entropy_baseline_ratio,0.002640576507271312
v_spectral_entropy,0.0026377468207594685
m_energy_0_500_hz_ratio,0.0026302486093460523
h_kurtosis_std_60,0.0026198397487081563
m_envelope_kurtosis_std_60,0.0026162913005701735
m_energy_1000_2000_hz_ratio,0.002573973063449668
v_mid_band_energy_ratio,0.0025736197686390787
m_energy_500_1000_hz_ratio,0.002524533616434829
v_energy_0_500_hz_ratio,0.0024645850515033025
m_spectral_entropy_mean_20,0.0024037140956899624
m_high_band_energy_ratio,0.0023991425874430863
m_envelope_energy_100_200_hz_ratio,0.0023361633387486438
v_kurtosis_std_60,0.00227628099260156
h_kurtosis_mean_20,0.0022177197810059933
h_skewness,0.0022052975258759363
h_envelope_energy_100_200_hz_ratio_baseline_ratio,0.002183525053927053
m_energy_2000_5000_hz_ratio,0.0021791538534963392
m_envelope_kurtosis_mean_5,0.002124713419335776
v_spectral_entropy_std_20,0.002076626251723642
m_energy_10000_15000_hz_ratio,0.0020049757551536627
h_spectral_entropy_baseline_delta,0.0019914136737429707
v_envelope_kurtosis_std_20,0.0019340303710067373
v_kurtosis_baseline_ratio,0.001847865226248894
v_energy_10000_15000_hz_ratio,0.0018287956313570457
h_envelope_kurtosis_mean_20,0.0018076407881300405
h_spectral_entropy_std_5,0.0017668754245763034
v_envelope_kurtosis_mean_20,0.0017649006493469417
m_energy_5000_10000_hz_ratio,0.0017636809569266244
v_energy_2000_5000_hz_ratio,0.0017590817286692788
m_low_band_energy_ratio,0.001633444644679381
v_high_band_energy_ratio,0.00157799421116579
h_envelope_energy_100_200_hz_ratio_std_20,0.0015701355704994112
h_envelope_kurtosis_std_20,0.001564546307583322
m_kurtosis_mean_20,0.0014485544225897955
m_spectral_entropy_std_20,0.0013879194904284655
v_kurtosis_std_20,0.0013310198038397297
v_skewness,0.001313316603249322
v_envelope_energy_100_200_hz_ratio_baseline_delta,0.0012958351682004772
m_envelope_kurtosis_std_20,0.0012627018486023331
m_kurtosis_std_20,0.0012580092875949165
h_envelope_energy_500_1000_hz_ratio,0.0012568216146151038
v_kurtosis_mean_5,0.0012263416853597277
h_kurtosis_baseline_ratio,0.001226138305043413
v_envelope_energy_100_200_hz_ratio_baseline_ratio,0.0012153332505928794
h_energy_1000_2000_hz_ratio,0.0011975656920797724
m_kurtosis_std_60,0.001136660642088169
h_envelope_energy_100_200_hz_ratio_baseline_delta,0.0010679725788009578
h_envelope_kurtosis_std_5,0.00105543198661511
m_spectral_entropy_baseline_ratio,0.0009628399071128607
v_kurtosis_baseline_delta,0.000945195539326979
h_kurtosis_baseline_delta,0.0009406129965691534
m_spectral_entropy_mean_5,0.0009225961567534738
h_envelope_kurtosis_baseline_delta,0.000900348578076727
h_energy_0_500_hz_ratio,0.0008868509398360222
h_kurtosis_std_20,0.0008741103261337334
h_envelope_energy_200_500_hz_ratio,0.0007651798873474306
v_envelope_energy_0_50_hz_ratio,0.0007243375612491587
v_envelope_energy_50_100_hz_ratio,0.0006604047129925898
h_envelope_energy_100_200_hz_ratio,0.0006517253117559753
m_kurtosis_baseline_delta,0.0005654597325938474
m_spectral_entropy_trend_60,0.0005621090830848173
v_spectral_entropy_std_5,0.0005541682051270752
v_shape_factor,0.000549700575658724
m_kurtosis_trend_60,0.000538854153189442
h_envelope_energy_0_50_hz_ratio,0.0005300900629344253
v_kurtosis_trend_60,0.000491379851615874
m_spectral_entropy_baseline_delta,0.0004892114850320345
v_envelope_kurtosis_mean_5,0.00047985712247589497
v_envelope_energy_100_200_hz_ratio_std_5,0.00045224323348456107
h_kurtosis_mean_5,0.0004478292011431507
v_kurtosis,0.0004428212039852357
h_spectral_entropy_trend_60,0.0004271886901591646
h_shape_factor,0.0004057390808547216
v_spectral_entropy_trend_60,0.0004031674812960836
v_envelope_kurtosis_trend_60,0.00040227978512243117
m_envelope_kurtosis_std_5,0.0004011593742770516
m_envelope_kurtosis,0.00038553281508045046
v_kurtosis_std_5,0.000379751941454078
m_shape_factor,0.00036711159616333597
v_envelope_energy_200_500_hz_ratio,0.0003644097427163218
m_envelope_crest_factor,0.000359936577826361
h_kurtosis_trend_60,0.0003492424505098835
v_envelope_kurtosis_std_5,0.0003428289309232249
m_kurtosis_mean_5,0.00034273476522790136
v_envelope_kurtosis_baseline_delta,0.00033584266427148053
h_kurtosis_std_5,0.00033405397503830396
m_envelope_energy_0_50_hz_ratio,0.00033148180823733525
m_envelope_energy_500_1000_hz_ratio,0.0003287897827525325
m_spectral_entropy_std_5,0.0003234444173309635
v_spectral_entropy_trend_20,0.00030512938400581116
m_envelope_kurtosis_baseline_ratio,0.0002737024016568244
h_envelope_kurtosis_baseline_ratio,0.00027318990968028093
h_spectral_entropy_trend_20,0.00026439068894670517
h_kurtosis,0.00025072933252322704
m_envelope_energy_200_500_hz_ratio,0.00024787840928443587
m_spectral_entropy,0.00023949019000828512
m_kurtosis_std_5,0.0002300911717997171
h_envelope_energy_100_200_hz_ratio_trend_60,0.00021834530536865256
m_kurtosis_baseline_ratio,0.00021699293552130699
h_envelope_kurtosis_mean_5,0.000212602381200834
h_clearance_factor,0.00020763742229645894
h_envelope_energy_100_200_hz_ratio_trend_20,0.000204166403811317
h_envelope_energy_100_200_hz_ratio_std_5,0.000198540416722711
v_envelope_kurtosis_baseline_ratio,0.0001970585438107757
h_envelope_kurtosis_trend_60,0.00019451355818417016
h_envelope_kurtosis,0.00018981423560435033
h_envelope_energy_50_100_hz_ratio,0.0001881397926980159
h_envelope_kurtosis_trend_20,0.0001846695628161741
v_spectral_entropy_trend_5,0.0001831971328436417
v_envelope_energy_100_200_hz_ratio_trend_60,0.00017808403424067235
m_envelope_kurtosis_baseline_delta,0.0001774144424470781
h_spectral_entropy_trend_5,0.00017613714956156372
m_envelope_kurtosis_trend_60,0.00016710956614068205
m_skewness,0.0001640984348898902
h_impulse_factor,0.00015806725500209481
h_envelope_crest_factor,0.00015048214177267142
m_spectral_entropy_trend_20,0.00014552456093223942
h_crest_factor,0.0001447517410658151
m_kurtosis,0.00012721901392864608
v_crest_factor,0.00012376636677328956
v_envelope_crest_factor,0.00012003238960696559
m_crest_factor,0.00011543504484827518
m_impulse_factor,0.0001133022784942374
m_spectral_entropy_trend_5,0.00010917139637145236
m_envelope_kurtosis_trend_20,9.809058397448862e-05
m_kurtosis_trend_20,9.795605359164326e-05
h_envelope_kurtosis_trend_5,9.57254714175796e-05
m_envelope_energy_50_100_hz_ratio,9.438588434666178e-05
m_clearance_factor,9.087400637543273e-05
v_envelope_energy_100_200_hz_ratio_trend_5,8.929211613651872e-05
h_kurtosis_trend_20,8.630459821741243e-05
v_kurtosis_trend_20,8.567484462420611e-05
v_envelope_kurtosis_trend_20,8.476453603202637e-05
v_impulse_factor,8.297879451728903e-05
v_envelope_kurtosis_trend_5,8.257747317620695e-05
v_clearance_factor,8.244799925517605e-05
m_kurtosis_trend_5,7.887423356947158e-05
v_envelope_kurtosis,7.877465905688668e-05
v_envelope_energy_100_200_hz_ratio_trend_20,7.778686802329731e-05
v_kurtosis_trend_5,7.119338663847796e-05
m_envelope_kurtosis_trend_5,6.151581017644578e-05
h_kurtosis_trend_5,6.087997963135136e-05
h_envelope_energy_100_200_hz_ratio_trend_5,4.833355653757985e-05
