bearing,gt_early_rul,gt_late_rul,flag_baseline_contaminated,flag_short_healthy,flag_abrupt,flag_short_life,N_TSO:C,N_TSO:LC,N_TSO:MC,N_TSO:EP,N_TSO:ECh,N_TSO:FD,N_TSO:FDh,N_TSO:LD,N_TSO:EFh,N_TSO:det_lead,N_TSO:O1_delay_min,N_TSO:crit_lead,N_TSO:crit_bin,N_TSO:crit_reason,N_TSO:faulty_lead,N_TSO:P1_mae_own,N_TSO:q50_at_onset,N_TSO:q10_at_onset,N_S1:C,N_S1:LC,N_S1:MC,N_S1:EP,N_S1:ECh,N_S1:FD,N_S1:FDh,N_S1:LD,N_S1:EFh,N_S1:det_lead,N_S1:O1_delay_min,N_S1:crit_lead,N_S1:crit_bin,N_S1:crit_reason,N_S1:faulty_lead,N_S1:P1_mae_own,N_S1:q50_at_onset,N_S1:q10_at_onset,D:C,D:LC,D:MC,D:EP,D:ECh,D:FD,D:FDh,D:LD,D:EFh,D:det_lead,D:O1_delay_min,D:crit_lead,D:crit_bin,D:crit_reason,D:faulty_lead,D:P1_mae_own,D:q50_at_onset,D:q10_at_onset,D':C,D':LC,D':MC,D':EP,D':ECh,D':FD,D':FDh,D':LD,D':EFh,D':det_lead,D':O1_delay_min,D':crit_lead,D':crit_bin,D':crit_reason,D':faulty_lead,D':P1_mae_own,D':q50_at_onset,D':q10_at_onset,R0:C,R0:LC,R0:MC,R0:EP,R0:ECh,R0:FD,R0:FDh,R0:LD,R0:EFh,R0:det_lead,R0:O1_delay_min,R0:crit_lead,R0:crit_bin,R0:crit_reason,R0:faulty_lead,R0:P1_mae_own,R0:q50_at_onset,R0:q10_at_onset,R1:C,R1:LC,R1:MC,R1:EP,R1:ECh,R1:FD,R1:FDh,R1:LD,R1:EFh,R1:det_lead,R1:O1_delay_min,R1:crit_lead,R1:crit_bin,R1:crit_reason,R1:faulty_lead,R1:P1_mae_own,R1:q50_at_onset,R1:q10_at_onset,N_TSO:stage1,N_TSO:downstream,N_S1:stage1
1_1,76,47,False,False,False,False,10.0,1.0,1,0,0.0,0,0.0,0.0,0.0,48.0,0.0,,never,,40.0,45.0,93.0,4.725888324873097,10.0,1.0,1,0,0.0,0,0.0,0.0,0.0,48.0,0.0,,never,,40.0,45.0,93.0,4.725888324873097,10.0,1.0,1,0,0.0,0,0.0,0.0,0.0,48.0,0.0,,never,,40.0,45.0,93.0,4.725888324873097,10.0,1.0,1,0,0.0,0,0.0,0.0,0.0,52.0,0,,never,,40.0,38.0,90.0,4.000000000000001,10.679166666666667,1.0,1,0,0.0,1,0.31666666666666665,0.1,0.0,41.0,6,0.0,<10 (miss),rul,41.0,33.21059328649492,79.19642857142854,16.431809523809505,10.683333333333334,1.0,1,0,0.0,1,0.7333333333333333,0.0,0.0,120.0,-44,,never,,39.0,23.434188229577224,74.01300428253764,25.589993111106892,ratio1.3/k3/self,latch/TSO/global/q50/S1=2.0/S2=off,ratio1.3/k3/fallback
1_2,129,110,False,False,False,False,5.016666666666667,0.0,0,1,0.03333333333333333,0,0.0,0.0,0.0,125.0,0.0,62.0,>60 (early page),rul,104.0,29.27777777777778,91.0,4.8723404255319185,5.016666666666667,0.0,0,1,0.03333333333333333,0,0.0,0.0,0.0,125.0,0.0,62.0,>60 (early page),rul,104.0,29.27777777777778,91.0,4.8723404255319185,5.016666666666667,0.0,0,1,0.03333333333333333,0,0.0,0.0,0.0,125.0,0.0,62.0,>60 (early page),rul,104.0,29.27777777777778,91.0,4.8723404255319185,5.041666666666667,0.0,0,1,0.08333333333333333,0,0.0,0.0,0.0,123.0,0,65.0,>60 (early page),rul,104.0,31.677419354838708,85.5,3.8595505617977555,0.6208333333333333,0.0,0,0,0.0,1,0.48333333333333334,0.0,0.0,158.0,-29,57.0,10-60 (useful),rul,117.0,37.9666645702306,77.27114285714286,14.506523809523827,10.620833333333334,1.0,1,0,0.0,1,0.48333333333333334,0.0,0.0,158.0,-29,,never,,102.0,37.42206203928614,73.28388167267808,24.860870501247334,ratio1.3/k3/self,latch/TSO/global/q50/S1=2.0/S2=off,ratio1.3/k3/fallback
1_3,85,66,False,False,False,False,4.666666666666667,0.4666666666666667,0,0,0.0,0,0.0,0.0,0.0,81.0,0.0,16.0,10-60 (useful),rul,51.0,12.0,93.0,4.258741258741262,4.666666666666667,0.4666666666666667,0,0,0.0,0,0.0,0.0,0.0,81.0,0.0,16.0,10-60 (useful),rul,51.0,12.0,93.0,4.258741258741262,4.666666666666667,0.4666666666666667,0,0,0.0,0,0.0,0.0,0.0,81.0,0.0,16.0,10-60 (useful),rul,51.0,12.0,93.0,4.258741258741262,3.333333333333333,0.3333333333333333,0,0,0.0,0,0.0,0.0,0.0,82.0,0,20.0,10-60 (useful),rul,51.0,8.0,90.0,4.000000000000001,7.875,0.7333333333333333,1,0,0.0,1,0.16666666666666666,0.0,0.0,95.0,-10,8.0,<10 (miss),rul,13.0,26.451185019841272,73.16352380952381,10.398904761904774,10.791666666666666,1.0,1,0,0.0,1,1.1666666666666667,0.0,0.0,155.0,-70,,never,,35.0,32.69605346916868,71.3988087252956,22.97579755386485,ratio1.3/k3/self,latch/TSO/global/q50/S1=2.0/S2=off,ratio1.3/k3/fallback
1_4,42,5,False,False,True,False,10.1,1.0,1,0,0.0,0,0.0,0.1,0.0,,,,never,,,,,,10.1,1.0,1,0,0.0,0,0.0,0.1,0.0,,,,never,,,,,,10.1,1.0,1,0,0.0,0,0.0,0.1,0.0,,,,never,,,,,,10.0,1.0,1,0,0.0,0,0.0,0.0,0.0,30.0,0,,never,,,60.0,90.0,4.000000000000001,10.504166666666666,1.0,1,0,0.0,1,0.016666666666666666,0.0,0.0,38.0,0,,never,,0.0,60.43865714285712,85.09490476190477,22.330285714285736,10.0,1.0,1,0,0.0,0,0.0,0.0,0.0,38.0,0,,never,,0.0,56.138729489452984,75.86387007402348,27.440858902592737,ratio1.3/k3/self,latch/TSO/global/q50/S1=2.0/S2=off,ratio1.3/k3/fallback
1_5,17,15,True,False,True,True,10.033333333333333,1.0,1,0,0.0,0,0.0,0.03333333333333333,0.0,13.0,2.0,,never,,12.0,80.0,93.0,5.7747747747747775,10.033333333333333,1.0,1,0,0.0,0,0.0,0.03333333333333333,0.0,13.0,2.0,,never,,12.0,80.0,93.0,5.7747747747747775,10.033333333333333,1.0,1,0,0.0,0,0.0,0.03333333333333333,0.0,13.0,2.0,,never,,12.0,80.0,93.0,5.7747747747747775,10.066666666666666,1.0,1,0,0.0,0,0.0,0.06666666666666667,0.0,11.0,4,,never,,11.0,79.0,90.0,4.93478260869565,8.366666666666667,0.8333333333333334,1,0,0.0,0,0.0,0.03333333333333333,0.0,13.0,2,5.0,<10 (miss),rul,11.0,34.06387074829932,90.27804761904764,27.513428571428605,10.633333333333333,1.0,1,0,0.0,1,0.5333333333333333,0.0,0.0,49.0,-32,,never,,11.0,46.5971520554586,77.63690195545088,29.213890784020137,ratio1.3/k3/self,latch/TSO/global/q50/S1=2.0/S2=off,ratio1.3/k3/fallback
2_1,40,38,True,False,False,False,10.1,1.0,1,0,0.0,0,0.0,0.1,0.0,32.0,6.0,,never,,32.0,61.0,93.0,4.725888324873097,10.1,1.0,1,0,0.0,0,0.0,0.1,0.0,32.0,6.0,,never,,32.0,61.0,93.0,4.725888324873097,10.1,1.0,1,0,0.0,0,0.0,0.1,0.0,32.0,6.0,,never,,32.0,61.0,93.0,4.725888324873097,10.1,1.0,1,0,0.0,0,0.0,0.1,0.0,32.0,6,,never,,32.0,58.0,90.0,4.000000000000001,8.083333333333334,0.8,1,0,0.0,0,0.0,0.08333333333333333,0.0,33.0,5,6.0,<10 (miss),rul,25.0,28.505400560224103,68.88400000000003,6.119380952380993,10.083333333333334,1.0,1,0,0.0,0,0.0,0.08333333333333333,0.0,33.0,5,,never,,26.0,30.719666323638428,66.98846802925853,18.565456857827783,ratio1.3/k3/self,latch/TSO/global/q50/S1=2.0/S2=off,ratio1.3/k3/fallback
2_2,110,106,False,False,False,False,0.0,0.0,0,0,0.0,0,0.0,0.0,0.0,106.0,0.0,43.0,10-60 (useful),rul,98.0,13.878504672897197,91.0,4.8723404255319185,0.0,0.0,0,0,0.0,0,0.0,0.0,0.0,106.0,0.0,43.0,10-60 (useful),rul,98.0,13.878504672897197,91.0,4.8723404255319185,0.0,0.0,0,0,0.0,0,0.0,0.0,0.0,106.0,0.0,43.0,10-60 (useful),rul,98.0,13.878504672897197,91.0,4.8723404255319185,0.0,0.0,0,0,0.0,0,0.0,0.0,0.0,108.0,0,50.0,10-60 (useful),rul,98.0,20.073394495412845,85.5,3.8595505617977555,10.033333333333333,1.0,1,0,0.0,0,0.0,0.03333333333333333,0.0,104.0,2,0.0,<10 (miss),rul,102.0,33.00110452961673,60.04952380952378,0.0,10.033333333333333,1.0,1,0,0.0,0,0.0,0.03333333333333333,0.0,104.0,2,,never,,97.0,22.74076284196679,64.46172410590931,16.038712934478568,ratio1.3/k3/self,latch/TSO/global/q50/S1=2.0/S2=off,ratio1.3/k3/fallback
2_3,405,273,False,False,False,False,6.795833333333333,0.0,0,1,2.316666666666667,0,0.0,0.18333333333333332,1.8166666666666667,262.0,11.0,199.0,>60 (early page),rul,229.0,115.08365019011407,91.0,4.8723404255319185,8.0,0.0,0,1,4.0,0,0.0,0.0,4.0,401.0,0.0,338.0,>60 (early page),rul,368.0,190.0870646766169,91.0,4.8723404255319185,6.795833333333333,0.0,0,1,2.316666666666667,0,0.0,0.18333333333333332,1.8166666666666667,262.0,11.0,199.0,>60 (early page),rul,229.0,115.08365019011407,91.0,4.8723404255319185,7.895833333333333,0.0,0,1,4.0,0,0.0,0.0,3.5833333333333335,363.0,0,305.0,>60 (early page),rul,335.0,171.34065934065933,85.5,3.8595505617977555,6.699999999999999,0.0,0,1,1.5166666666666666,0,0.0,0.0,3.7666666666666666,402.0,0,151.0,>60 (early page),rul,402.0,162.79631430934657,47.79342857142856,0.0,10.320833333333333,1.0,1,0,0.0,0,0.0,0.0,1.2833333333333334,401.0,0,,never,,197.0,151.02682697701434,70.68090303667118,22.25789186524044,ratio1.3/k3/self,latch/TSO/global/q50/S1=2.0/S2=off,ratio1.3/k3/fallback
2_4,13,11,False,True,True,True,10.066666666666666,1.0,1,0,0.0,0,0.0,0.06666666666666667,0.0,7.0,4.0,,never,,7.0,86.0,93.0,8.74093264248705,10.066666666666666,1.0,1,0,0.0,0,0.0,0.06666666666666667,0.0,7.0,4.0,,never,,7.0,86.0,93.0,8.74093264248705,10.066666666666666,1.0,1,0,0.0,0,0.0,0.06666666666666667,0.0,7.0,4.0,,never,,7.0,86.0,93.0,8.74093264248705,10.1,1.0,1,0,0.0,0,0.0,0.1,0.0,5.0,6,,never,,5.0,85.0,90.0,7.493333333333334,8.733333333333334,0.8666666666666667,1,0,0.0,0,0.0,0.06666666666666667,0.0,7.0,4,4.0,<10 (miss),rul,7.0,31.25499206349207,51.8104285714286,0.0,10.066666666666666,1.0,1,0,0.0,0,0.0,0.06666666666666667,0.0,7.0,4,,never,,7.0,42.04800373745976,52.30382059633423,3.8808094249034895,ratio1.3/k3/self,latch/TSO/global/q50/S1=2.0/S2=off,ratio1.3/k3/fallback
2_5,217,210,True,False,False,False,6.054166666666666,0.0,0,1,1.0833333333333333,0,0.0,0.36666666666666664,0.5833333333333334,188.0,22.0,125.0,>60 (early page),rul,155.0,71.85185185185185,91.0,4.8723404255319185,6.0,0.0,0,1,1.5,0,0.0,0.0,1.0,213.0,0.0,150.0,>60 (early page),rul,180.0,86.9392523364486,91.0,4.8723404255319185,6.054166666666666,0.0,0,1,1.0833333333333333,0,0.0,0.36666666666666664,0.5833333333333334,188.0,22.0,125.0,>60 (early page),rul,155.0,71.85185185185185,91.0,4.8723404255319185,6.104166666666666,0.0,0,1,1.2166666666666666,0,0.0,0.31666666666666665,0.7166666666666667,191.0,19,133.0,>60 (early page),rul,163.0,76.23958333333333,85.5,3.8595505617977555,6.1625000000000005,0.0,0,1,0.8,0,0.0,0.5166666666666667,0.9833333333333333,179.0,31,144.0,>60 (early page),rul,179.0,64.61708544973546,52.79433333333336,0.0,10.658333333333333,1.0,1,0,0.0,0,0.0,0.55,0.43333333333333335,177.0,33,,never,,146.0,48.31251617519571,71.82398541500045,23.400974243569706,ratio1.3/k3/self,latch/TSO/global/q50/S1=2.0/S2=off,ratio1.3/k3/fallback
3_1,159,128,False,False,False,False,5.183333333333334,0.0,0,1,0.36666666666666664,0,0.0,0.0,0.0,145.0,0.0,82.0,>60 (early page),rul,119.0,43.82876712328767,91.0,4.8723404255319185,5.183333333333334,0.0,0,1,0.36666666666666664,0,0.0,0.0,0.0,145.0,0.0,82.0,>60 (early page),rul,119.0,43.82876712328767,91.0,4.8723404255319185,5.183333333333334,0.0,0,1,0.36666666666666664,0,0.0,0.0,0.0,145.0,0.0,82.0,>60 (early page),rul,119.0,43.82876712328767,91.0,4.8723404255319185,5.3375,0.0,0,1,0.6166666666666667,0,0.0,0.0,0.11666666666666667,155.0,0,97.0,>60 (early page),rul,127.0,53.794871794871796,85.5,3.8595505617977555,5.333333333333333,0.5333333333333333,0,0,0.0,0,0.0,0.0,0.0,140.0,0,14.0,10-60 (useful),rul,73.0,22.563372045220955,75.68128571428572,12.916666666666686,10.0,1.0,1,0,0.0,0,0.0,0.0,0.0,136.0,0,,never,,79.0,27.00588132731932,68.19062995079746,19.767618779366714,ratio1.3/k3/self,latch/TSO/global/q50/S1=2.0/S2=off,ratio1.3/k3/fallback
3_2,1473,1031,True,False,False,False,10.5,0.0,0,1,4.0,1,8.0,0.0,4.0,2324.0,-851.0,2324.0,>60 (early page),rul,2324.0,1160.334623655914,87.5,4.803278688524588,10.5,0.0,0,1,4.0,1,8.0,0.0,4.0,2324.0,-851.0,2264.0,>60 (early page),rul,2294.0,1160.334623655914,87.5,4.803278688524588,8.0,0.0,0,1,4.0,0,0.0,0.0,4.0,1260.0,0.0,1197.0,>60 (early page),rul,1227.0,626.680412371134,91.0,4.8723404255319185,10.5,0.0,0,1,4.0,1,8.0,0.0,4.0,2322.0,-849,2264.0,>60 (early page),rul,2294.0,1159.4080929832114,85.5,3.8595505617977555,14.004166666666666,1.0,1,0,0.0,0,0.0,4.0,0.016666666666666666,220.0,811,0.0,<10 (miss),rul,220.0,38.01600510204081,47.47252380952381,0.0,14.0,1.0,1,0,0.0,0,0.0,4.0,0.0,20.0,1011,,never,,16.0,44.58815927444305,62.57953477484771,14.156523603416964,ratio1.2/k3/fallback,latch/TSO/global/q10@a0.1/S1=3.0/S2=off,ratio1.2/k3/fallback
3_3,31,28,True,False,True,False,10.05,1.0,1,0,0.0,0,0.0,0.05,0.0,25.0,3.0,,never,,23.0,68.0,93.0,4.725888324873097,10.05,1.0,1,0,0.0,0,0.0,0.05,0.0,25.0,3.0,,never,,23.0,68.0,93.0,4.725888324873097,10.05,1.0,1,0,0.0,0,0.0,0.05,0.0,25.0,3.0,,never,,23.0,68.0,93.0,4.725888324873097,10.083333333333334,1.0,1,0,0.0,0,0.0,0.08333333333333333,0.0,23.0,5,,never,,23.0,67.0,90.0,4.352941176470586,3.383333333333333,0.3333333333333333,0,0,0.0,0,0.0,0.05,0.0,25.0,3,20.0,10-60 (useful),rul,25.0,8.684838827838826,40.24761904761903,0.0,10.083333333333334,1.0,1,0,0.0,0,0.0,0.08333333333333333,0.0,23.0,5,,never,,23.0,28.506958752813404,48.31534228263146,0.0,ratio1.3/k3/self,latch/TSO/global/q50/S1=2.0/S2=off,ratio1.3/k3/fallback
3_4,390,97,True,False,False,False,0.06666666666666667,0.0,0,0,0.0,0,0.0,0.06666666666666667,0.0,93.0,4.0,30.0,10-60 (useful),rul,72.0,1.9680851063829787,91.0,4.158878504672898,0.06666666666666667,0.0,0,0,0.0,0,0.0,0.06666666666666667,0.0,93.0,4.0,30.0,10-60 (useful),rul,72.0,1.9680851063829787,91.0,4.158878504672898,0.06666666666666667,0.0,0,0,0.0,0,0.0,0.06666666666666667,0.0,93.0,4.0,30.0,10-60 (useful),rul,72.0,1.9680851063829787,91.0,4.158878504672898,0.1,0.0,0,0,0.0,0,0.0,0.1,0.0,91.0,6,33.0,10-60 (useful),rul,72.0,5.304347826086956,85.5,3.8595505617977555,0.1,0.0,0,0,0.0,0,0.0,0.1,0.0,91.0,6,59.0,10-60 (useful),rul,91.0,19.91374534161491,45.18871428571428,0.0,10.083333333333334,1.0,1,0,0.0,0,0.0,0.08333333333333333,0.0,92.0,5,,never,,71.0,15.628738202720246,67.8085309170096,19.38551974557886,ratio1.3/k3/self,latch/TSO/global/q50/S1=2.0/S2=off,ratio1.3/k3/fallback
3_5,90,84,True,True,False,False,5.7625,0.0,0,1,0.5166666666666667,1,0.016666666666666666,0.0,0.0,91.0,-1.0,91.0,>60 (early page),rul,91.0,2.4510869565217392,88.5,4.682539682539684,0.5041666666666667,0.0,0,0,0.0,1,0.016666666666666666,0.0,0.0,91.0,-1.0,30.0,10-60 (useful),rul,87.0,2.4510869565217392,88.5,4.682539682539684,1.8375,0.13333333333333333,0,0,0.0,1,0.016666666666666666,0.0,0.0,91.0,-1.0,26.0,10-60 (useful),rul,87.0,2.0,93.0,4.174311926605503,0.0,0.0,0,0,0.0,0,0.0,0.0,0.0,89.0,0,30.0,10-60 (useful),rul,87.0,2.45,86.5,3.807692307692311,0.525,0.0,0,0,0.0,1,0.1,0.0,0.0,86.0,0,38.0,10-60 (useful),rul,101.0,14.961868919610858,61.53652380952382,0.0,10.558333333333334,1.0,1,0,0.0,1,0.23333333333333334,0.0,0.0,104.0,-14,,never,,39.0,21.54887934315401,70.9000173867322,22.477006215301458,ratio1.2/k3/fallback,latch/TSO/global/q10@a0.1/S1=3.0/S2=off,ratio1.2/k3/fallback
