bearing,C,C1,LC,MC,EP,ECh,FD,FDh,LD,EFh,MO,MO_scorable,crit_lead,faulty_lead,det_lead,delay,C_w3,C_w5,C_w10,C_env,FD_env,FDh_env,LD_env,delay_env,C_hf,FD_hf,FDh_hf,LD_hf,delay_hf,C_twophase,FD_twophase,FDh_twophase,LD_twophase,delay_twophase,C_v2x,FD_v2x,FDh_v2x,LD_v2x,delay_v2x,C_hinge,FD_hinge,FDh_hinge,LD_hinge,delay_hinge,C_on,FD_on,FDh_on,LD_on,delay_on,t_det_row,O1_delay_min,pre_onset_hours,FDh_uncapped,crit_bin,faulty_bin,crit_reason,faulty_reason,ECh_uncapped,EFh_uncapped,demotions,demotions_within_episode,escalated_to_healthy,demotion_fraction,fpt_row,P1_mae_own,P1_mae_own_le60,P1_mae_common,P1_mae_common_le60,P1_const_mae_own,P1_const_mae_common,P1_const_mae_common_le60,P1_tso_mae_own,P1_tso_mae_common,P1_tso_mae_common_le60,P3_late_rate,n_rul_le30,q50_at_onset,q10_at_onset,P2a_cover_at_fpt,P2b_cover_first_le60,P2_row_coverage,P2_row_lower_coverage,P2_mean_width,p0,p0_obs_frac,p0_brier,condition,life_min,baseline_contaminated,short_healthy,abrupt,short_life,stage1_k,fold_choice,inner_choice_C,model
1_1,10.0,0.0,1.0,1,0,0.0,0,0.0,0.0,0.0,0,1,,40.0,48.0,0.0,10.0,10.0,10.0,10.504166666666666,1,0.016666666666666666,0.0,-1.0,10.05,0,0.0,0.05,3.0,10.466666666666667,0,0.0,0.4666666666666667,28.0,10.516666666666667,1,0.06666666666666667,0.0,-4.0,10.316666666666666,0,0.0,0.31666666666666665,19.0,10.0,0,0.0,0.0,0.0,74.0,0.0,0.7666666666666667,0.0,never,10-60 (useful),,severity,0.0,0.0,0,0,0,0.0,74,45.0,45.0,45.0,45.0,15.183673469387756,15.25,15.25,45.0,45.0,45.0,1.0,31,93.0,4.725888324873097,1.0,1.0,0.9591836734693877,0.9591836734693877,5735.736040609138,0.4014775828739919,1.0,0.35822908380235946,1,123,False,False,False,False,3.0,D (fallback),,N
1_2,5.275,0.0,0.0,0,1,0.55,0,0.0,0.0,0.0,0,1,93.0,101.0,125.0,0.0,3.275,5.275,10.275,5.8375,1,0.25,0.0,-15.0,5.8125,1,0.15,0.0,-9.0,5.820833333333334,1,0.18333333333333332,0.0,-11.0,5.845833333333334,1,0.2833333333333333,0.0,-17.0,5.808333333333334,0,0.0,0.5333333333333333,32.0,5.341666666666667,0,0.0,0.06666666666666667,4.0,35.0,0.0,0.5166666666666667,0.0,>60 (early page),>60 (early page),rul,rul,0.55,0.0,0,0,0,0.0,35,31.492144224796032,14.382349819339687,32.59688540132559,14.382349819339687,39.37301587301587,32.93693693693694,15.262295081967213,29.27777777777778,28.63963963963964,24.24590163934426,0.6774193548387096,31,152.52740451050033,41.141483729172535,1.0,1.0,0.8650793650793651,0.9841269841269841,128.12092909038822,0.4729061543025633,0.0,0.2236402307772397,1,161,False,False,False,False,3.0,"latch|ET(min_samples_leaf=10,max_features=0.3)|global|crit:q50|S1=3.0|S2=4.0",4.794345238095238,N
1_3,8.333333333333334,0.0,0.8333333333333334,1,0,0.0,0,0.0,0.0,0.0,0,1,5.0,35.0,81.0,0.0,8.333333333333334,8.333333333333334,8.333333333333334,8.895833333333334,1,0.25,0.0,-15.0,8.895833333333334,1,0.25,0.0,-15.0,8.883333333333335,1,0.2,0.0,-12.0,8.941666666666666,1,0.43333333333333335,0.0,-26.0,8.383333333333335,0,0.0,0.05,3.0,8.4,0,0.0,0.06666666666666667,4.0,76.0,0.0,1.2,0.0,<10 (miss),10-60 (useful),rul,severity,0.0,0.0,0,0,0,0.0,76,56.383194409608166,44.205513453428956,46.23030240825471,44.205513453428956,21.378048780487806,16.761194029850746,15.311475409836065,12.0,12.0,12.0,0.967741935483871,31,123.2618105329664,26.244685645661104,1.0,0.0,0.6951219512195121,0.6951219512195121,205.4400523064131,0.42316125634337964,0.6964285714285714,0.2860908418204002,1,158,False,False,False,False,3.0,latch|HGBq(min_samples_leaf=20)|global|crit:q50|S1=3.0|S2=off,4.842857142857143,N
1_4,10.1,0.1,1.0,1,0,0.0,0,0.0,0.1,0.0,0,0,,,,,10.1,10.1,10.1,10.666666666666666,0,0.0,0.6666666666666666,,10.716666666666667,0,0.0,0.7166666666666667,,10.25,0,0.0,0.25,,10.1,0,0.0,0.1,,11.266666666666666,0,0.0,1.2666666666666666,,10.1,0,0.0,0.1,,,,1.3166666666666667,0.0,never,never,,,0.0,0.0,0,0,0,0.0,-1,,,,,,31.5,31.5,,89.5,89.5,,0,,,,,,,,0.4014775828739919,1.0,0.3582290838023592,1,122,False,False,True,False,3.0,"latch|ET(min_samples_leaf=10,max_features=0.3)|global|crit:q50|S1=3.0|S2=4.0",4.498511904761906,N
1_5,7.7,0.03333333333333333,0.7666666666666667,1,0,0.0,0,0.0,0.03333333333333333,0.0,0,0,7.0,9.0,13.0,2.0,7.7,7.7,7.7,7.7,0,0.0,0.03333333333333333,2.0,7.7,0,0.0,0.03333333333333333,2.0,7.7,0,0.0,0.03333333333333333,2.0,7.716666666666667,0,0.0,0.05,3.0,7.816666666666667,0,0.0,0.15,9.0,7.733333333333333,0,0.0,0.06666666666666667,4.0,38.0,2.0,0.5666666666666667,0.0,<10 (miss),<10 (miss),rul,rul,0.0,0.0,0,0,0,0.0,38,23.438515338195412,23.438515338195412,23.438515338195412,23.438515338195412,32.5,31.5,31.5,80.0,79.8125,79.8125,1.0,14,82.54704284208357,20.823561776621247,0.0,0.0,0.5,0.5,105.65400781089203,0.4014775828739919,1.0,0.35822908380235935,1,52,True,False,True,True,3.0,"latch|ET(min_samples_leaf=10,max_features=0.3)|global|crit:q50|S1=3.0|S2=4.0",4.857142857142857,N
2_1,2.7666666666666666,0.1,0.26666666666666666,0,0,0.0,0,0.0,0.1,0.0,0,1,22.0,32.0,32.0,6.0,2.7666666666666666,2.7666666666666666,2.7666666666666666,2.7666666666666666,0,0.0,0.1,6.0,2.7666666666666666,0,0.0,0.1,6.0,2.8,0,0.0,0.13333333333333333,8.0,2.7333333333333334,0,0.0,0.06666666666666667,4.0,2.9166666666666665,0,0.0,0.25,15.0,2.7666666666666666,0,0.0,0.1,6.0,458.0,6.0,7.5,0.0,10-60 (useful),10-60 (useful),severity,rul,0.0,0.0,0,0,0,0.0,458,8.098127896486627,8.098127896486627,8.098127896486627,8.098127896486627,23.0,20.0,20.0,61.0,60.46153846153846,60.46153846153846,0.6129032258064516,31,30.352245881838073,8.909364890586584,1.0,1.0,1.0,1.0,68.65382237737482,0.4585552084447681,0.2009132420091324,0.22692649406333348,2,491,True,False,False,False,3.0,latch|HGBq(min_samples_leaf=20)|global|crit:q50|S1=3.0|S2=4.0,5.132142857142857,N
2_2,5.175,0.0,0.0,0,1,0.35,0,0.0,0.0,0.0,0,1,81.0,100.0,106.0,0.0,3.175,5.175,10.175,5.175,0,0.0,0.0,0.0,5.225,0,0.0,0.05,3.0,5.225,0,0.0,0.05,3.0,5.6875,1,0.05,0.0,-3.0,5.758333333333333,0,0.0,0.5833333333333334,35.0,5.241666666666666,0,0.0,0.06666666666666667,4.0,54.0,0.0,0.8333333333333334,0.0,>60 (early page),>60 (early page),severity,rul,0.35,0.0,0,0,0,0.0,54,27.581500917500076,14.015847458711251,27.581500917500076,14.015847458711251,30.869158878504674,30.869158878504674,15.311475409836065,13.878504672897197,13.878504672897197,13.032786885245901,0.8387096774193549,31,78.53293206524468,19.261247909487373,1.0,1.0,0.9719626168224299,0.9719626168224299,114.12531732249741,0.4434943895966809,0.4117647058823529,0.24322130570058356,2,161,False,False,False,False,3.0,"latch|ET(min_samples_leaf=10,max_features=0.3)|global|crit:q50|S1=3.0|S2=4.0",4.850892857142857,N
2_3,6.420833333333333,0.0,0.0,0,1,2.15,0,0.0,0.0,1.3833333333333333,0,1,189.0,203.0,401.0,0.0,4.420833333333333,6.420833333333333,11.420833333333333,6.4875,0,0.0,0.06666666666666667,4.0,6.4875,0,0.0,0.06666666666666667,4.0,7.454166666666667,1,2.1333333333333333,0.0,-128.0,7.7125,1,3.1666666666666665,0.0,-190.0,7.270833333333333,1,1.4,0.0,-84.0,7.054166666666667,1,0.5333333333333333,0.0,-32.0,131.0,0.0,2.1166666666666667,0.0,>60 (early page),>60 (early page),severity,rul,2.15,1.3833333333333333,0,0,0,0.0,131,140.60701843170978,20.729300481897944,95.62297393491686,20.729300481897944,172.8134328358209,109.89416058394161,15.245901639344263,158.6218905472637,117.56934306569343,30.0,0.2903225806451613,31,97.29251869422147,23.811390993635012,1.0,1.0,0.5024875621890548,0.9950248756218906,204.909260658558,0.4729061543025632,0.0,0.22364023077723963,2,533,False,False,False,False,3.0,"latch|ET(min_samples_leaf=20,max_features=0.3)|global|crit:q50|S1=3.0|S2=4.0",4.772916666666666,N
2_4,7.733333333333333,0.06666666666666667,0.7666666666666667,1,0,0.0,0,0.0,0.06666666666666667,0.0,0,0,7.0,7.0,7.0,4.0,7.733333333333333,7.733333333333333,7.733333333333333,7.733333333333333,0,0.0,0.06666666666666667,4.0,7.733333333333333,0,0.0,0.06666666666666667,4.0,7.766666666666667,0,0.0,0.1,6.0,7.733333333333333,0,0.0,0.06666666666666667,4.0,7.816666666666667,0,0.0,0.15,9.0,7.733333333333333,0,0.0,0.06666666666666667,4.0,34.0,4.0,0.4666666666666667,0.0,<10 (miss),<10 (miss),rul,rul,0.0,0.0,0,0,0,0.0,34,10.202250620507506,10.202250620507506,10.202250620507506,10.202250620507506,35.5,33.5,33.5,86.0,85.16666666666667,85.16666666666667,1.0,8,26.869140359074777,5.576028742254157,1.0,1.0,0.75,0.75,53.41799566509839,0.4014775828739919,1.0,0.35822908380235935,2,42,False,True,True,True,3.0,"latch|ET(min_samples_leaf=10,max_features=0.3)|global|crit:q10@a0.2|S1=3.0|S2=off",4.444940476190476,N
2_5,5.758333333333333,0.0,0.0,0,1,1.2666666666666666,0,0.0,0.0,0.5,0,1,136.0,150.0,213.0,0.0,3.7583333333333333,5.758333333333333,10.758333333333333,5.824999999999999,0,0.0,0.06666666666666667,4.0,5.824999999999999,0,0.0,0.06666666666666667,4.0,6.270833333333333,1,0.05,0.0,-3.0,6.433333333333333,1,0.7,0.0,-42.0,6.141666666666667,0,0.0,0.38333333333333336,23.0,5.824999999999999,0,0.0,0.06666666666666667,4.0,125.0,0.0,2.0166666666666666,0.0,>60 (early page),>60 (early page),rul,rul,1.2666666666666666,0.5,0,0,0,0.0,125,45.74664859212407,14.594538561664168,45.97013672284919,14.594538561664168,80.84579439252336,79.40758293838863,15.245901639344263,76.30841121495327,75.67298578199052,30.0,0.45161290322580644,31,192.72724126644172,52.233522270208994,1.0,1.0,0.9252336448598131,0.985981308411215,241.07156180167277,0.4729061543025633,0.0,0.22364023077723974,2,339,True,False,False,False,3.0,"latch|ET(min_samples_leaf=10,max_features=0.3)|global|crit:q50|S1=3.0|S2=4.0",4.816964285714286,N
3_1,5.066666666666666,0.0,0.0,0,1,0.13333333333333333,0,0.0,0.0,0.0,0,1,68.0,83.0,145.0,0.0,3.066666666666667,5.066666666666666,10.066666666666666,5.6375,1,0.2833333333333333,0.0,-17.0,5.3,0,0.0,0.23333333333333334,14.0,5.283333333333333,0,0.0,0.21666666666666667,13.0,5.645833333333333,1,0.31666666666666665,0.0,-19.0,5.566666666666666,0,0.0,0.5,30.0,5.266666666666667,0,0.0,0.2,12.0,2392.0,0.0,39.63333333333333,0.0,>60 (early page),>60 (early page),severity,severity,0.13333333333333333,0.0,0,0,0,0.0,2392,16.844263485337873,8.07800319058854,17.354026502926235,8.07800319058854,48.294520547945204,40.689922480620154,15.262295081967213,43.82876712328767,42.48837209302326,29.65573770491803,0.9354838709677419,31,155.11557233487605,39.911112539445554,1.0,1.0,0.9863013698630136,0.9863013698630136,227.4701261969866,0.4729061543025633,0.0,0.2236402307772398,3,2538,False,False,False,False,3.0,"latch|ET(min_samples_leaf=10,max_features=0.3)|global|crit:q50|S1=3.0|S2=4.0",4.884821428571429,N
3_2,11.5,2.5,0.8,1,0,0.0,1,8.0,0.0,4.0,0,1,6.0,2324.0,2324.0,-851.0,11.5,11.5,11.5,11.5,1,8.0,0.0,-989.0,11.5,1,8.0,0.0,-851.0,11.5,1,8.0,0.0,-1147.0,11.5,1,8.0,0.0,-2256.0,11.5,1,8.0,0.0,-1099.0,11.5,1,8.0,0.0,-1293.0,171.0,-851.0,17.033333333333335,14.183333333333334,<10 (miss),>60 (early page),severity,rul,0.0,36.733333333333334,0,0,0,0.0,171,1090.7529279199653,28.952093189848082,437.22667085832387,28.952093189848082,1133.374193548387,487.34302325581393,15.262295081967213,1118.5548387096774,515.5,30.0,1.0,31,35.50699470743081,5.980156085161561,1.0,1.0,0.11268817204301075,0.9974193548387097,252.81350215494797,0.46581471169214633,0.0,0.21698334562883742,3,2496,True,False,False,False,3.0,"latch|ET(min_samples_leaf=20,max_features=0.3)|global|crit:q50|S1=3.0|S2=4.0",4.688988095238095,N
3_3,2.7166666666666663,0.05,0.26666666666666666,0,0,0.0,0,0.0,0.05,0.0,0,1,22.0,23.0,25.0,3.0,2.7166666666666663,2.7166666666666663,2.7166666666666663,2.7166666666666663,0,0.0,0.05,3.0,2.7166666666666663,0,0.0,0.05,3.0,2.7666666666666666,0,0.0,0.1,6.0,2.6999999999999997,0,0.0,0.03333333333333333,2.0,2.9,0,0.0,0.23333333333333334,14.0,2.7333333333333334,0,0.0,0.06666666666666667,4.0,345.0,3.0,5.65,0.0,10-60 (useful),10-60 (useful),rul,rul,0.0,0.0,0,0,0,0.0,345,5.985450947489543,5.985450947489543,5.985450947489543,5.985450947489543,26.5,25.0,25.0,68.0,67.79310344827586,67.79310344827586,0.4230769230769231,26,40.31138774732521,10.077291789849172,1.0,1.0,0.9230769230769231,0.9230769230769231,46.54093102887028,0.4520270334234424,0.2923076923076923,0.23237417325189313,3,371,True,False,True,False,3.0,"latch|ET(min_samples_leaf=10,max_features=0.3)|global|crit:q50|S1=3.0|S2=4.0",5.167857142857143,N
3_4,5.108333333333333,0.06666666666666667,0.0,0,1,0.08333333333333333,0,0.0,0.06666666666666667,0.0,0,1,65.0,71.0,93.0,4.0,3.1083333333333334,5.108333333333333,10.108333333333333,5.108333333333333,0,0.0,0.06666666666666667,4.0,9.041666666666668,0,0.0,4.0,297.0,5.2250000000000005,0,0.0,0.18333333333333332,11.0,5.041666666666667,0,0.0,0.0,0.0,5.408333333333333,0,0.0,0.36666666666666664,22.0,5.108333333333333,0,0.0,0.06666666666666667,4.0,1421.0,4.0,18.733333333333334,0.0,>60 (early page),>60 (early page),rul,rul,0.08333333333333333,0.0,0,0,0,0.0,1421,17.239308683175192,16.696555804485023,17.239308683175192,16.696555804485023,25.73404255319149,27.275510204081634,15.311475409836065,1.9680851063829787,2.0714285714285716,1.9508196721311475,0.5483870967741935,31,118.4889492642565,29.59342338724987,1.0,1.0,0.9787234042553191,0.9787234042553191,135.62641413855724,0.47152958654483923,0.019271948608137045,0.2234375116770676,3,1515,True,False,False,False,3.0,"latch|ET(min_samples_leaf=10,max_features=0.3)|global|crit:q50|S1=3.0|S2=4.0",4.880059523809523,N
3_5,5.7625,0.5041666666666667,0.0,0,1,0.5166666666666667,1,0.016666666666666666,0.0,0.0,0,1,91.0,91.0,91.0,-1.0,3.7625,5.7625,10.7625,5.7875000000000005,1,0.11666666666666667,0.0,-7.0,5.7875000000000005,1,0.11666666666666667,0.0,-7.0,5.7625,1,0.016666666666666666,0.0,-1.0,5.9625,1,0.8166666666666667,0.0,-49.0,5.575,0,0.0,0.31666666666666665,19.0,5.7625,1,0.016666666666666666,0.0,-1.0,22.0,-1.0,0.38333333333333336,0.016666666666666666,>60 (early page),>60 (early page),rul,rul,0.5166666666666667,0.0,0,0,0,0.0,22,2.4510869565217392,2.4262295081967213,2.447058823529412,2.4262295081967213,24.97826086956522,22.423529411764704,15.311475409836065,2.0,2.0,2.0,0.0,31,88.5,4.682539682539684,1.0,1.0,1.0,1.0,5679.40743616287,0.3943861402635749,1.0,0.3667681471048504,3,114,True,True,False,False,3.0,latch|TSO()|global|crit:q10@a0.1|S1=3.0|S2=off,4.847321428571428,N
1_1,10.0,0.0,1.0,1,0,0.0,0,0.0,0.0,0.0,0,1,,40.0,48.0,0.0,10.0,10.0,10.0,10.504166666666666,1,0.016666666666666666,0.0,-1.0,10.05,0,0.0,0.05,3.0,10.466666666666667,0,0.0,0.4666666666666667,28.0,10.516666666666667,1,0.06666666666666667,0.0,-4.0,10.316666666666666,0,0.0,0.31666666666666665,19.0,10.0,0,0.0,0.0,0.0,74.0,0.0,0.7666666666666667,0.0,never,10-60 (useful),,severity,0.0,0.0,0,0,0,0.0,74,45.0,45.0,45.0,45.0,15.183673469387756,15.25,15.25,45.0,45.0,45.0,1.0,31,93.0,4.725888324873097,1.0,1.0,0.9591836734693877,0.9591836734693877,5735.736040609138,0.4014775828739919,1.0,0.35822908380235946,1,123,False,False,False,False,3.0,latch|TSO()|global|crit:q50|S1=2.0|S2=off,6.804464285714286,D
1_2,5.016666666666667,0.0,0.0,0,1,0.03333333333333333,0,0.0,0.0,0.0,0,1,62.0,104.0,125.0,0.0,3.0166666666666666,5.016666666666667,10.016666666666667,5.579166666666667,1,0.25,0.0,-15.0,5.554166666666666,1,0.15,0.0,-9.0,5.5625,1,0.18333333333333332,0.0,-11.0,5.5875,1,0.2833333333333333,0.0,-17.0,5.55,0,0.0,0.5333333333333333,32.0,5.083333333333333,0,0.0,0.06666666666666667,4.0,35.0,0.0,0.5166666666666667,0.0,>60 (early page),>60 (early page),rul,severity,0.03333333333333333,0.0,0,0,0,0.0,35,29.27777777777778,24.24590163934426,28.63963963963964,24.24590163934426,39.37301587301587,32.93693693693694,15.262295081967213,29.27777777777778,28.63963963963964,24.24590163934426,0.0,31,91.0,4.8723404255319185,1.0,1.0,1.0,1.0,3009.0602836879443,0.4729061543025633,0.0,0.2236402307772397,1,161,False,False,False,False,3.0,latch|TSO()|global|crit:q50|S1=2.0|S2=off,6.532440476190475,D
1_3,4.666666666666667,0.0,0.4666666666666667,0,0,0.0,0,0.0,0.0,0.0,0,1,16.0,51.0,81.0,0.0,4.666666666666667,4.666666666666667,4.666666666666667,5.229166666666667,1,0.25,0.0,-15.0,5.229166666666667,1,0.25,0.0,-15.0,5.216666666666667,1,0.2,0.0,-12.0,5.275,1,0.43333333333333335,0.0,-26.0,4.716666666666667,0,0.0,0.05,3.0,4.733333333333333,0,0.0,0.06666666666666667,4.0,76.0,0.0,1.2,0.0,10-60 (useful),10-60 (useful),rul,severity,0.0,0.0,0,0,0,0.0,76,12.0,12.0,12.0,12.0,21.378048780487806,16.761194029850746,15.311475409836065,12.0,12.0,12.0,1.0,31,93.0,4.258741258741262,1.0,1.0,1.0,1.0,4383.99718574109,0.42316125634337964,0.6964285714285714,0.2860908418204002,1,158,False,False,False,False,3.0,latch|TSO()|global|crit:q50|S1=2.0|S2=off,7.01875,D
1_4,10.1,0.1,1.0,1,0,0.0,0,0.0,0.1,0.0,0,0,,,,,10.1,10.1,10.1,10.666666666666666,0,0.0,0.6666666666666666,,10.716666666666667,0,0.0,0.7166666666666667,,10.25,0,0.0,0.25,,10.1,0,0.0,0.1,,11.266666666666666,0,0.0,1.2666666666666666,,10.1,0,0.0,0.1,,,,1.3166666666666667,0.0,never,never,,,0.0,0.0,0,0,0,0.0,-1,,,,,,31.5,31.5,,89.5,89.5,,0,,,,,,,,0.4014775828739919,1.0,0.3582290838023592,1,122,False,False,True,False,3.0,latch|TSO()|global|crit:q50|S1=2.0|S2=off,6.276488095238094,D
1_5,10.033333333333333,0.03333333333333333,1.0,1,0,0.0,0,0.0,0.03333333333333333,0.0,0,0,,12.0,13.0,2.0,10.033333333333333,10.033333333333333,10.033333333333333,10.033333333333333,0,0.0,0.03333333333333333,2.0,10.033333333333333,0,0.0,0.03333333333333333,2.0,10.033333333333333,0,0.0,0.03333333333333333,2.0,10.05,0,0.0,0.05,3.0,10.15,0,0.0,0.15,9.0,10.066666666666666,0,0.0,0.06666666666666667,4.0,38.0,2.0,0.5666666666666667,0.0,never,10-60 (useful),,severity,0.0,0.0,0,0,0,0.0,38,80.0,80.0,80.0,80.0,32.5,31.5,31.5,80.0,79.8125,79.8125,1.0,14,93.0,5.7747747747747775,1.0,1.0,0.5714285714285714,0.5714285714285714,7168.693693693697,0.4014775828739919,1.0,0.35822908380235935,1,52,True,False,True,True,3.0,latch|TSO()|global|crit:q50|S1=2.0|S2=off,6.802083333333334,D
2_1,10.1,0.1,1.0,1,0,0.0,0,0.0,0.1,0.0,0,1,,32.0,32.0,6.0,10.1,10.1,10.1,10.1,0,0.0,0.1,6.0,10.1,0,0.0,0.1,6.0,10.133333333333333,0,0.0,0.13333333333333333,8.0,10.066666666666666,0,0.0,0.06666666666666667,4.0,10.25,0,0.0,0.25,15.0,10.1,0,0.0,0.1,6.0,458.0,6.0,7.5,0.0,never,10-60 (useful),,severity,0.0,0.0,0,0,0,0.0,458,61.0,61.0,61.0,61.0,23.0,20.0,20.0,61.0,60.46153846153846,60.46153846153846,1.0,31,93.0,4.725888324873097,1.0,1.0,0.9090909090909091,0.9090909090909091,6391.248730964468,0.4585552084447681,0.2009132420091324,0.22692649406333348,2,491,True,False,False,False,3.0,latch|TSO()|global|crit:q50|S1=2.0|S2=off,6.797321428571428,D
2_2,0.0,0.0,0.0,0,0,0.0,0,0.0,0.0,0.0,0,1,43.0,98.0,106.0,0.0,0.0,0.0,0.0,0.0,0,0.0,0.0,0.0,0.05,0,0.0,0.05,3.0,0.05,0,0.0,0.05,3.0,0.5125,1,0.05,0.0,-3.0,0.5833333333333334,0,0.0,0.5833333333333334,35.0,0.06666666666666667,0,0.0,0.06666666666666667,4.0,54.0,0.0,0.8333333333333334,0.0,10-60 (useful),>60 (early page),rul,severity,0.0,0.0,0,0,0,0.0,54,13.878504672897197,13.032786885245901,13.878504672897197,13.032786885245901,30.869158878504674,30.869158878504674,15.311475409836065,13.878504672897197,13.878504672897197,13.032786885245901,0.0,31,91.0,4.8723404255319185,1.0,1.0,1.0,1.0,3527.9308013521586,0.4434943895966809,0.4117647058823529,0.24322130570058356,2,161,False,False,False,False,3.0,latch|TSO()|global|crit:q50|S1=2.0|S2=off,6.893749999999999,D
2_3,6.795833333333333,0.18333333333333332,0.0,0,1,2.316666666666667,0,0.0,0.18333333333333332,1.8166666666666667,0,1,199.0,229.0,262.0,11.0,4.795833333333333,6.795833333333333,11.795833333333334,8.995833333333334,0,0.0,2.3833333333333333,143.0,8.995833333333334,0,0.0,2.3833333333333333,143.0,6.795833333333333,0,0.0,0.18333333333333332,11.0,7.325,1,0.85,0.0,-51.0,7.529166666666667,0,0.0,0.9166666666666666,55.0,8.395833333333334,0,0.0,1.7833333333333334,107.0,270.0,11.0,2.1166666666666667,0.0,>60 (early page),>60 (early page),rul,rul,2.316666666666667,1.8166666666666667,0,0,0,0.0,270,115.08365019011407,30.0,115.08365019011407,30.0,104.5361216730038,109.89416058394161,15.245901639344263,115.08365019011407,117.56934306569343,30.0,0.0,31,91.0,4.8723404255319185,1.0,1.0,0.5209125475285171,1.0,810.2684248847182,0.4729061543025632,0.0,0.22364023077723974,2,533,False,False,False,False,3.0,latch|TSO()|global|crit:q50|S1=2.0|S2=off,6.403869047619046,D
2_4,10.066666666666666,0.06666666666666667,1.0,1,0,0.0,0,0.0,0.06666666666666667,0.0,0,0,,7.0,7.0,4.0,10.066666666666666,10.066666666666666,10.066666666666666,10.066666666666666,0,0.0,0.06666666666666667,4.0,10.066666666666666,0,0.0,0.06666666666666667,4.0,10.1,0,0.0,0.1,6.0,10.066666666666666,0,0.0,0.06666666666666667,4.0,10.15,0,0.0,0.15,9.0,10.066666666666666,0,0.0,0.06666666666666667,4.0,34.0,4.0,0.4666666666666667,0.0,never,<10 (miss),,severity,0.0,0.0,0,0,0,0.0,34,86.0,86.0,86.0,86.0,35.5,33.5,33.5,86.0,85.16666666666667,85.16666666666667,1.0,8,93.0,8.74093264248705,0.0,0.0,0.0,0.0,7411.621761658032,0.4014775828739919,1.0,0.35822908380235935,2,42,False,True,True,True,3.0,latch|TSO()|global|crit:q50|S1=2.0|S2=off,6.7997023809523816,D
2_5,6.054166666666666,0.36666666666666664,0.0,0,1,1.0833333333333333,0,0.0,0.36666666666666664,0.5833333333333334,0,1,125.0,155.0,188.0,22.0,4.054166666666666,6.054166666666666,11.054166666666667,6.170833333333333,0,0.0,0.48333333333333334,29.0,6.170833333333333,0,0.0,0.48333333333333334,29.0,6.054166666666666,0,0.0,0.36666666666666664,22.0,6.258333333333334,1,0.2833333333333333,0.0,-17.0,6.4875,0,0.0,0.8,48.0,6.170833333333333,0,0.0,0.48333333333333334,29.0,150.0,22.0,2.0166666666666666,0.0,>60 (early page),>60 (early page),rul,rul,1.0833333333333333,0.5833333333333334,0,0,0,0.0,150,71.85185185185185,30.0,71.85185185185185,30.0,68.92063492063492,79.40758293838863,15.245901639344263,71.85185185185185,75.67298578199052,30.0,0.0,31,91.0,4.8723404255319185,1.0,1.0,0.8518518518518519,1.0,1618.3735224586294,0.4729061543025633,0.0,0.2236402307772398,2,339,True,False,False,False,3.0,latch|TSO()|global|crit:q50|S1=2.0|S2=off,6.456845238095236,D
3_1,5.183333333333334,0.0,0.0,0,1,0.36666666666666664,0,0.0,0.0,0.0,0,1,82.0,119.0,145.0,0.0,3.183333333333333,5.183333333333334,10.183333333333334,5.754166666666667,1,0.2833333333333333,0.0,-17.0,5.416666666666667,0,0.0,0.23333333333333334,14.0,5.4,0,0.0,0.21666666666666667,13.0,5.7625,1,0.31666666666666665,0.0,-19.0,5.683333333333334,0,0.0,0.5,30.0,5.383333333333334,0,0.0,0.2,12.0,2392.0,0.0,39.63333333333333,0.0,>60 (early page),>60 (early page),rul,severity,0.36666666666666664,0.0,0,0,0,0.0,2392,43.82876712328767,29.65573770491803,42.48837209302326,29.65573770491803,48.294520547945204,40.689922480620154,15.262295081967213,43.82876712328767,42.48837209302326,29.65573770491803,0.0,31,91.0,4.8723404255319185,1.0,1.0,1.0,1.0,2608.7780530457603,0.4729061543025633,0.0,0.2236402307772398,3,2538,False,False,False,False,3.0,latch|TSO()|global|crit:q50|S1=2.0|S2=off,6.520535714285713,D
3_2,8.0,0.0,0.0,0,1,4.0,0,0.0,0.0,4.0,0,1,1197.0,1227.0,1260.0,0.0,6.0,8.0,13.0,9.25,0,0.0,1.25,75.0,11.55,0,0.0,3.55,213.0,8.845833333333333,1,1.3833333333333333,0.0,-83.0,10.5,1,8.0,0.0,-1192.0,8.645833333333332,1,0.5833333333333334,0.0,-35.0,9.454166666666667,1,3.816666666666667,0.0,-229.0,1235.0,0.0,17.033333333333335,0.0,>60 (early page),>60 (early page),rul,rul,18.95,18.45,0,0,0,0.0,1235,626.680412371134,30.0,515.5,30.0,601.689928628073,487.34302325581393,15.262295081967213,626.680412371134,515.5,30.0,0.0,31,91.0,4.8723404255319185,1.0,1.0,0.063441712926249,1.0,124.1186326286129,0.4729061543025633,0.0,0.2236402307772398,3,2496,True,False,False,False,3.0,latch|TSO()|global|crit:q50|S1=2.0|S2=off,6.322321428571427,D
3_3,10.05,0.05,1.0,1,0,0.0,0,0.0,0.05,0.0,0,1,,23.0,25.0,3.0,10.05,10.05,10.05,10.05,0,0.0,0.05,3.0,10.05,0,0.0,0.05,3.0,10.1,0,0.0,0.1,6.0,10.033333333333333,0,0.0,0.03333333333333333,2.0,10.233333333333333,0,0.0,0.23333333333333334,14.0,10.066666666666666,0,0.0,0.06666666666666667,4.0,345.0,3.0,5.65,0.0,never,10-60 (useful),,severity,0.0,0.0,0,0,0,0.0,345,68.0,68.0,68.0,68.0,26.5,25.0,25.0,68.0,67.79310344827586,67.79310344827586,1.0,26,93.0,4.725888324873097,1.0,1.0,0.8461538461538461,0.8461538461538461,6678.035532994925,0.4520270334234424,0.2923076923076923,0.23237417325189313,3,371,True,False,True,False,3.0,latch|TSO()|global|crit:q50|S1=2.0|S2=off,6.800892857142857,D
3_4,0.06666666666666667,0.06666666666666667,0.0,0,0,0.0,0,0.0,0.06666666666666667,0.0,0,1,30.0,72.0,93.0,4.0,0.06666666666666667,0.06666666666666667,0.06666666666666667,0.06666666666666667,0,0.0,0.06666666666666667,4.0,4.0,0,0.0,4.0,297.0,0.18333333333333332,0,0.0,0.18333333333333332,11.0,0.0,0,0.0,0.0,0.0,0.36666666666666664,0,0.0,0.36666666666666664,22.0,0.06666666666666667,0,0.0,0.06666666666666667,4.0,1421.0,4.0,18.733333333333334,0.0,10-60 (useful),>60 (early page),rul,severity,0.0,0.0,0,0,0,0.0,1421,1.9680851063829787,1.9508196721311475,1.9680851063829787,1.9508196721311475,25.73404255319149,27.275510204081634,15.311475409836065,1.9680851063829787,2.0714285714285716,1.9508196721311475,0.0,31,91.0,4.158878504672898,1.0,1.0,1.0,1.0,4004.145655199842,0.47152958654483923,0.019271948608137045,0.2234375116770676,3,1515,True,False,False,False,3.0,latch|TSO()|global|crit:q50|S1=2.0|S2=off,7.17470238095238,D
3_5,1.8375,0.5041666666666667,0.13333333333333333,0,0,0.0,1,0.016666666666666666,0.0,0.0,0,1,26.0,87.0,91.0,-1.0,1.8375,1.8375,1.8375,1.8624999999999998,1,0.11666666666666667,0.0,-7.0,1.8624999999999998,1,0.11666666666666667,0.0,-7.0,1.8375,1,0.016666666666666666,0.0,-1.0,2.0375,1,0.8166666666666667,0.0,-49.0,1.65,0,0.0,0.31666666666666665,19.0,1.8375,1,0.016666666666666666,0.0,-1.0,22.0,-1.0,0.38333333333333336,0.016666666666666666,10-60 (useful),>60 (early page),rul,severity,0.0,0.0,0,0,0,0.0,22,2.0,2.0,2.0,2.0,24.97826086956522,22.423529411764704,15.311475409836065,2.0,2.0,2.0,1.0,31,93.0,4.174311926605503,1.0,1.0,1.0,1.0,4216.756880733946,0.4014775828739919,1.0,0.35822908380235935,3,114,True,True,False,False,3.0,latch|TSO()|global|crit:q50|S1=2.0|S2=off,7.116666666666667,D
1_1,10.0,0.0,1.0,1,0,0.0,0,0.0,0.0,0.0,0,1,,40.0,52.0,0.0,10.0,10.0,10.0,10.520833333333334,1,0.08333333333333333,0.0,-5.0,10.504166666666666,1,0.016666666666666666,0.0,-1.0,10.4,0,0.0,0.4,24.0,10.533333333333333,1,0.13333333333333333,0.0,-8.0,10.25,0,0.0,0.25,15.0,10.516666666666667,1,0.06666666666666667,0.0,-4.0,70.0,0.0,0.7666666666666667,0.0,never,10-60 (useful),,severity,0.0,0.0,0,0,0,0.0,70,38.0,38.0,38.0,38.0,15.132075471698114,15.25,15.25,44.81132075471698,45.0,45.0,1.0,31,90.0,4.000000000000001,1.0,1.0,0.9622641509433962,0.9622641509433962,6756.42857142857,0.3988663151012536,1.0,0.3613617071199455,1,123,False,False,False,False,5.0,latch|TSO()|global|crit:q50|S1=2.0|S2=off,6.444047619047618,D'
1_2,5.041666666666667,0.0,0.0,0,1,0.08333333333333333,0,0.0,0.0,0.0,0,1,65.0,104.0,123.0,0.0,3.0416666666666665,5.041666666666667,10.041666666666666,5.595833333333333,1,0.21666666666666667,0.0,-13.0,5.570833333333334,1,0.11666666666666667,0.0,-7.0,5.579166666666667,1,0.15,0.0,-9.0,5.604166666666667,1,0.25,0.0,-15.0,5.608333333333333,0,0.0,0.5666666666666667,34.0,5.141666666666667,0,0.0,0.1,6.0,37.0,0.0,0.5166666666666667,0.0,>60 (early page),>60 (early page),rul,severity,0.08333333333333333,0.0,0,0,0,0.0,37,31.677419354838708,25.66393442622951,30.995495495495497,25.66393442622951,38.5,32.93693693693694,15.262295081967213,29.201612903225808,28.63963963963964,24.24590163934426,0.0,31,85.5,3.8595505617977555,1.0,1.0,1.0,1.0,3419.221683581007,0.47029488652982504,0.0,0.221177280296101,1,161,False,False,False,False,5.0,latch|TSO()|global|crit:q50|S1=2.0|S2=off,6.67172619047619,D'
1_3,3.333333333333333,0.0,0.3333333333333333,0,0,0.0,0,0.0,0.0,0.0,0,1,20.0,51.0,82.0,0.0,3.333333333333333,3.333333333333333,3.333333333333333,3.9,1,0.26666666666666666,0.0,-16.0,3.9,1,0.26666666666666666,0.0,-16.0,3.8874999999999997,1,0.21666666666666667,0.0,-13.0,3.945833333333333,1,0.45,0.0,-27.0,3.3666666666666663,0,0.0,0.03333333333333333,2.0,3.383333333333333,0,0.0,0.05,3.0,75.0,0.0,1.2,0.0,10-60 (useful),10-60 (useful),rul,rul,0.0,0.0,0,0,0,0.0,75,8.0,8.0,8.0,8.0,21.72289156626506,16.761194029850746,15.311475409836065,11.987951807228916,12.0,12.0,1.0,31,90.0,4.000000000000001,1.0,1.0,1.0,1.0,5197.221633787898,0.42094423717917573,0.6909090909090909,0.2864347412576789,1,158,False,False,False,False,5.0,latch|TSO()|global|crit:q50|S1=2.0|S2=off,6.8964285714285705,D'
1_4,10.0,0.0,1.0,1,0,0.0,0,0.0,0.0,0.0,0,0,,,30.0,0.0,10.0,10.0,10.0,10.15,0,0.0,0.15,9.0,10.2,0,0.0,0.2,12.0,10.566666666666666,1,0.26666666666666666,0.0,-16.0,10.0,0,0.0,0.0,0.0,10.75,0,0.0,0.75,45.0,10.604166666666666,1,0.4166666666666667,0.0,-25.0,91.0,0.0,1.3166666666666667,0.0,never,never,,,0.0,0.0,0,0,0,0.0,91,60.0,60.0,60.0,60.0,19.0,31.5,31.5,77.0,89.5,89.5,1.0,31,90.0,4.000000000000001,1.0,1.0,0.9032258064516129,0.9032258064516129,7899.824175824176,0.3988663151012536,1.0,0.36136170711994553,1,122,False,False,True,False,5.0,latch|TSO()|global|crit:q50|S1=2.0|S2=off,6.444047619047618,D'
1_5,10.066666666666666,0.06666666666666667,1.0,1,0,0.0,0,0.0,0.06666666666666667,0.0,0,0,,11.0,11.0,4.0,10.066666666666666,10.066666666666666,10.066666666666666,10.066666666666666,0,0.0,0.06666666666666667,4.0,10.066666666666666,0,0.0,0.06666666666666667,4.0,10.066666666666666,0,0.0,0.06666666666666667,4.0,10.083333333333334,0,0.0,0.08333333333333333,5.0,10.183333333333334,0,0.0,0.18333333333333332,11.0,10.1,0,0.0,0.1,6.0,40.0,4.0,0.5666666666666667,0.0,never,10-60 (useful),,severity,0.0,0.0,0,0,0,0.0,40,79.0,79.0,79.0,79.0,33.5,31.5,31.5,80.0,79.8125,79.8125,1.0,12,90.0,4.93478260869565,1.0,1.0,0.5833333333333334,0.5833333333333334,8886.423913043478,0.3988663151012536,1.0,0.36136170711994536,1,52,True,False,True,True,5.0,latch|TSO()|global|crit:q50|S1=2.0|S2=off,6.439285714285712,D'
2_1,10.1,0.1,1.0,1,0,0.0,0,0.0,0.1,0.0,0,1,,32.0,32.0,6.0,10.1,10.1,10.1,10.1,0,0.0,0.1,6.0,10.1,0,0.0,0.1,6.0,10.133333333333333,0,0.0,0.13333333333333333,8.0,10.066666666666666,0,0.0,0.06666666666666667,4.0,10.25,0,0.0,0.25,15.0,10.1,0,0.0,0.1,6.0,458.0,6.0,7.5,0.0,never,10-60 (useful),,severity,0.0,0.0,0,0,0,0.0,458,58.0,58.0,58.0,58.0,23.0,20.0,20.0,61.0,60.46153846153846,60.46153846153846,1.0,31,90.0,4.000000000000001,1.0,1.0,0.9090909090909091,0.9090909090909091,7795.87912087912,0.4559439406720299,0.2009132420091324,0.22558776845499787,2,491,True,False,False,False,5.0,latch|TSO()|global|crit:q50|S1=2.0|S2=off,6.436904761904761,D'
2_2,0.0,0.0,0.0,0,0,0.0,0,0.0,0.0,0.0,0,1,50.0,98.0,108.0,0.0,0.0,0.0,0.0,0.5083333333333333,1,0.03333333333333333,0.0,-2.0,0.016666666666666666,0,0.0,0.016666666666666666,1.0,0.016666666666666666,0,0.0,0.016666666666666666,1.0,0.5208333333333334,1,0.08333333333333333,0.0,-5.0,0.55,0,0.0,0.55,33.0,0.03333333333333333,0,0.0,0.03333333333333333,2.0,52.0,0.0,0.8333333333333334,0.0,10-60 (useful),>60 (early page),rul,severity,0.0,0.0,0,0,0,0.0,52,20.073394495412845,18.16393442622951,20.02803738317757,18.16393442622951,31.68807339449541,30.869158878504674,15.311475409836065,13.926605504587156,13.878504672897197,13.032786885245901,0.0,31,85.5,3.8595505617977555,1.0,1.0,1.0,1.0,3874.6191629728883,0.4435091722441108,0.375,0.23906850668157323,2,161,False,False,False,False,5.0,latch|TSO()|global|crit:q50|S1=2.0|S2=off,7.03422619047619,D'
2_3,7.895833333333333,0.0,0.0,0,1,4.0,0,0.0,0.0,3.5833333333333335,0,1,305.0,335.0,363.0,0.0,5.895833333333333,7.895833333333333,12.895833333333334,8.595833333333333,0,0.0,0.7,42.0,8.595833333333333,0,0.0,0.7,42.0,8.770833333333334,1,1.5,0.0,-90.0,9.029166666666667,1,2.533333333333333,0.0,-152.0,8.5875,1,0.7666666666666667,0.0,-46.0,7.995833333333333,0,0.0,0.1,6.0,169.0,0.0,2.1166666666666667,0.0,>60 (early page),>60 (early page),rul,rul,4.083333333333333,3.5833333333333335,0,0,0,0.0,169,171.34065934065933,30.0,136.5,30.0,154.05494505494505,109.89416058394161,15.245901639344263,144.75,117.56934306569343,30.0,0.0,31,85.5,3.8595505617977555,1.0,1.0,0.3708791208791209,1.0,590.0755185825411,0.4702948865298251,0.0,0.22117728029610095,2,533,False,False,False,False,5.0,latch|TSO()|global|crit:q50|S1=2.0|S2=off,6.469047619047619,D'
2_4,10.1,0.1,1.0,1,0,0.0,0,0.0,0.1,0.0,0,0,,5.0,5.0,6.0,10.1,10.1,10.1,10.1,0,0.0,0.1,6.0,10.1,0,0.0,0.1,6.0,10.133333333333333,0,0.0,0.13333333333333333,8.0,10.1,0,0.0,0.1,6.0,10.183333333333334,0,0.0,0.18333333333333332,11.0,10.1,0,0.0,0.1,6.0,36.0,6.0,0.4666666666666667,0.0,never,<10 (miss),,severity,0.0,0.0,0,0,0,0.0,36,85.0,85.0,85.0,85.0,36.5,33.5,33.5,86.0,85.16666666666667,85.16666666666667,1.0,6,90.0,7.493333333333334,0.0,0.0,0.0,0.0,9195.739999999996,0.3988663151012536,1.0,0.36136170711994536,2,42,False,True,True,True,5.0,latch|TSO()|global|crit:q50|S1=2.0|S2=off,6.436904761904761,D'
2_5,6.104166666666666,0.31666666666666665,0.0,0,1,1.2166666666666666,0,0.0,0.31666666666666665,0.7166666666666667,0,1,133.0,163.0,191.0,19.0,4.104166666666666,6.104166666666666,11.104166666666666,6.220833333333333,0,0.0,0.43333333333333335,26.0,6.220833333333333,0,0.0,0.43333333333333335,26.0,6.104166666666666,0,0.0,0.31666666666666665,19.0,6.370833333333333,1,0.3333333333333333,0.0,-20.0,6.5375,0,0.0,0.75,45.0,6.220833333333333,0,0.0,0.43333333333333335,26.0,147.0,19.0,2.0166666666666666,0.0,>60 (early page),>60 (early page),rul,rul,1.2166666666666666,0.7166666666666667,0,0,0,0.0,147,76.23958333333333,30.0,76.23958333333333,30.0,70.34375,79.40758293838863,15.245901639344263,72.27604166666667,75.67298578199052,30.0,0.0,31,85.5,3.8595505617977555,1.0,1.0,1.0,1.0,2247.2056706460667,0.47029488652982504,0.0,0.22117728029610093,2,339,True,False,False,False,5.0,latch|TSO()|global|crit:q50|S1=2.0|S2=off,6.594642857142857,D'
3_1,5.3375,0.0,0.0,0,1,0.6166666666666667,0,0.0,0.0,0.11666666666666667,0,1,97.0,127.0,155.0,0.0,3.3375000000000004,5.3375,10.3375,5.95,1,0.45,0.0,-27.0,5.404166666666667,0,0.0,0.06666666666666667,4.0,5.3875,0,0.0,0.05,3.0,5.958333333333334,1,0.48333333333333334,0.0,-29.0,5.670833333333333,0,0.0,0.3333333333333333,20.0,5.370833333333334,0,0.0,0.03333333333333333,2.0,2382.0,0.0,39.63333333333333,0.0,>60 (early page),>60 (early page),rul,rul,0.6166666666666667,0.11666666666666667,0,0,0,0.0,2382,53.794871794871796,30.0,50.507751937984494,30.0,52.85897435897436,40.689922480620154,15.262295081967213,44.833333333333336,42.48837209302326,29.65573770491803,0.0,31,85.5,3.8595505617977555,1.0,1.0,1.0,1.0,2740.4069792566975,0.47029488652982504,0.0,0.22117728029610098,3,2538,False,False,False,False,5.0,latch|TSO()|global|crit:q50|S1=2.0|S2=off,6.649404761904761,D'
3_2,10.5,2.5,0.0,0,1,4.0,1,8.0,0.0,4.0,0,1,2264.0,2294.0,2322.0,-849.0,8.5,10.5,15.5,10.5,1,8.0,0.0,-987.0,10.5,1,8.0,0.0,-849.0,10.5,1,8.0,0.0,-1145.0,10.5,1,8.0,0.0,-2254.0,10.5,1,8.0,0.0,-1097.0,10.5,1,8.0,0.0,-1291.0,173.0,-849.0,17.033333333333335,14.15,>60 (early page),>60 (early page),rul,rul,36.733333333333334,36.233333333333334,0,0,0,0.0,173,1159.4080929832114,30.0,515.5,30.0,1132.3745157124408,487.34302325581393,15.262295081967213,1117.5957813172622,515.5,30.0,0.0,31,85.5,3.8595505617977555,1.0,1.0,0.025398191993112353,1.0,92.25074849937363,0.47029488652982504,0.0,0.22117728029610098,3,2496,True,False,False,False,5.0,latch|TSO()|global|crit:q50|S1=2.0|S2=off,6.28422619047619,D'
3_3,10.083333333333334,0.08333333333333333,1.0,1,0,0.0,0,0.0,0.08333333333333333,0.0,0,1,,23.0,23.0,5.0,10.083333333333334,10.083333333333334,10.083333333333334,10.083333333333334,0,0.0,0.08333333333333333,5.0,10.083333333333334,0,0.0,0.08333333333333333,5.0,10.133333333333333,0,0.0,0.13333333333333333,8.0,10.066666666666666,0,0.0,0.06666666666666667,4.0,10.266666666666667,0,0.0,0.26666666666666666,16.0,10.1,0,0.0,0.1,6.0,347.0,5.0,5.65,0.0,never,10-60 (useful),,severity,0.0,0.0,0,0,0,0.0,347,67.0,67.0,67.0,67.0,27.5,25.0,25.0,68.0,67.79310344827586,67.79310344827586,1.0,24,90.0,4.352941176470586,1.0,1.0,0.8333333333333334,0.8333333333333334,8263.323529411764,0.4491065946993314,0.2966360856269113,0.23189037446765803,3,371,True,False,True,False,5.0,latch|TSO()|global|crit:q50|S1=2.0|S2=off,6.4380952380952365,D'
3_4,0.1,0.1,0.0,0,0,0.0,0,0.0,0.1,0.0,0,1,33.0,72.0,91.0,6.0,0.1,0.1,0.1,0.1,0,0.0,0.1,6.0,4.0,0,0.0,4.0,299.0,0.21666666666666667,0,0.0,0.21666666666666667,13.0,0.03333333333333333,0,0.0,0.03333333333333333,2.0,0.4,0,0.0,0.4,24.0,0.1,0,0.0,0.1,6.0,1423.0,6.0,18.733333333333334,0.0,10-60 (useful),>60 (early page),rul,severity,0.0,0.0,0,0,0,0.0,1423,5.304347826086956,5.204918032786885,5.304347826086956,5.204918032786885,24.97826086956522,27.275510204081634,15.311475409836065,1.9673913043478262,2.0714285714285716,1.9508196721311475,0.0,31,85.5,3.8595505617977555,1.0,1.0,1.0,1.0,4570.255312652661,0.4688184584675096,0.020669992872416252,0.221079791482307,3,1515,True,False,False,False,5.0,latch|TSO()|global|crit:q50|S1=2.0|S2=off,7.027083333333333,D'
3_5,0.0,0.0,0.0,0,0,0.0,0,0.0,0.0,0.0,0,1,30.0,87.0,89.0,0.0,0.0,0.0,0.0,0.5208333333333334,1,0.08333333333333333,0.0,-5.0,0.5208333333333334,1,0.08333333333333333,0.0,-5.0,0.016666666666666666,0,0.0,0.016666666666666666,1.0,0.6958333333333333,1,0.7833333333333333,0.0,-47.0,0.35,0,0.0,0.35,21.0,0.016666666666666666,0,0.0,0.016666666666666666,1.0,24.0,0.0,0.38333333333333336,0.0,10-60 (useful),>60 (early page),rul,severity,0.0,0.0,0,0,0,0.0,24,2.45,2.4262295081967213,2.447058823529412,2.4262295081967213,24.233333333333334,22.423529411764704,15.311475409836065,2.0,2.0,2.0,0.0,31,86.5,3.807692307692311,1.0,1.0,1.0,1.0,4776.06282051282,0.3988663151012536,1.0,0.36136170711994536,3,114,True,True,False,False,5.0,latch|TSO()|global|crit:q50|S1=2.0|S2=off,7.081845238095238,D'
1_1,10.679166666666667,0.6791666666666666,1.0,1,0,0.0,1,0.31666666666666665,0.1,0.0,0,1,0.0,41.0,41.0,6.0,10.679166666666667,10.679166666666667,10.679166666666667,10.679166666666667,1,0.31666666666666665,0.1,6.0,10.745833333333334,1,0.31666666666666665,0.16666666666666666,10.0,11.162500000000001,1,0.31666666666666665,0.5833333333333334,35.0,10.629166666666668,1,0.31666666666666665,0.05,3.0,11.012500000000001,1,0.31666666666666665,0.43333333333333335,26.0,10.695833333333335,1,0.31666666666666665,0.11666666666666667,7.0,81.0,6.0,0.7666666666666667,0.31666666666666665,<10 (miss),10-60 (useful),rul,rul,0.0,0.0,0,0,0,0.0,2,33.21059328649492,32.33141609977324,29.198370039682544,29.198370039682544,34.52459016393443,15.25,15.25,36.59016393442623,45.0,45.0,1.0,31,79.19642857142854,16.431809523809505,1.0,1.0,1.0,1.0,112.8932451209992,,,,1,123,False,False,False,False,,,,R0
1_2,0.6208333333333333,0.6208333333333333,0.0,0,0,0.0,1,0.48333333333333334,0.0,0.0,0,1,57.0,117.0,158.0,-29.0,0.6208333333333333,0.6208333333333333,0.6208333333333333,0.7,1,0.8,0.0,-48.0,0.675,1,0.7,0.0,-42.0,0.6833333333333333,1,0.7333333333333333,0.0,-44.0,0.7083333333333334,1,0.8333333333333334,0.0,-50.0,0.5041666666666667,1,0.016666666666666666,0.0,-1.0,0.6208333333333333,1,0.48333333333333334,0.0,-29.0,2.0,-29.0,0.5166666666666667,0.48333333333333334,10-60 (useful),>60 (early page),rul,rul,0.0,0.0,7,7,0,0.0440251572327044,2,37.9666645702306,11.727299765807961,28.43270870870871,11.727299765807961,54.23899371069182,32.93693693693694,15.262295081967213,33.78616352201258,28.63963963963964,24.24590163934426,0.967741935483871,31,77.27114285714286,14.506523809523827,1.0,1.0,0.7610062893081762,1.0,99.16607517220723,,,,1,161,False,False,False,False,,,,R0
1_3,7.875,0.5416666666666666,0.7333333333333333,1,0,0.0,1,0.16666666666666666,0.0,0.0,0,1,8.0,13.0,95.0,-10.0,7.875,7.875,7.875,7.954166666666667,1,0.48333333333333334,0.0,-29.0,7.954166666666667,1,0.48333333333333334,0.0,-29.0,7.941666666666666,1,0.43333333333333335,0.0,-26.0,8.0,1,0.6666666666666666,0.0,-40.0,7.879166666666666,1,0.18333333333333332,0.0,-11.0,7.875,1,0.16666666666666666,0.0,-10.0,62.0,-10.0,1.2,0.16666666666666666,<10 (miss),10-60 (useful),rul,rul,0.0,0.0,0,0,0,0.0,62,26.451185019841272,33.415490241998434,32.07008315565032,33.415490241998434,26.5,16.761194029850746,15.311475409836065,10.96875,12.0,12.0,1.0,31,73.16352380952381,10.398904761904774,1.0,1.0,1.0,1.0,104.78562202380952,,,,1,158,False,False,False,False,,,,R0
1_4,10.504166666666666,0.5041666666666667,1.0,1,0,0.0,1,0.016666666666666666,0.0,0.0,0,0,,0.0,38.0,0.0,10.504166666666666,10.504166666666666,10.504166666666666,10.520833333333334,1,0.016666666666666666,0.016666666666666666,1.0,10.570833333333333,1,0.016666666666666666,0.06666666666666667,4.0,11.104166666666666,2,0.4166666666666667,0.0,-24.0,10.504166666666666,1,0.016666666666666666,0.0,0.0,10.283333333333333,0,0.0,0.2833333333333333,17.0,11.141666666666667,2,0.5666666666666667,0.0,-33.0,83.0,0.0,1.3166666666666667,0.016666666666666666,never,<10 (miss),,rul,0.0,0.0,0,0,0,0.0,63,60.43865714285712,60.43865714285712,79.6777619047619,79.6777619047619,15.725,31.5,31.5,72.025,89.5,89.5,1.0,31,85.09490476190477,22.330285714285736,1.0,1.0,0.525,0.525,101.83119523809523,,,,1,122,False,False,True,False,,,,R0
1_5,8.366666666666667,0.03333333333333333,0.8333333333333334,1,0,0.0,0,0.0,0.03333333333333333,0.0,0,0,5.0,11.0,13.0,2.0,8.366666666666667,8.366666666666667,8.366666666666667,8.366666666666667,0,0.0,0.03333333333333333,2.0,8.366666666666667,0,0.0,0.03333333333333333,2.0,8.366666666666667,0,0.0,0.03333333333333333,2.0,8.383333333333335,0,0.0,0.05,3.0,8.483333333333334,0,0.0,0.15,9.0,8.4,0,0.0,0.06666666666666667,4.0,38.0,2.0,0.5666666666666667,0.0,<10 (miss),10-60 (useful),rul,rul,0.0,0.0,2,2,0,0.14285714285714285,38,34.06387074829932,34.06387074829932,39.02252380952382,39.02252380952382,32.5,31.5,31.5,80.0,79.8125,79.8125,1.0,31,90.27804761904764,27.513428571428605,0.0,0.0,0.9285714285714286,0.9285714285714286,96.55165986394556,,,,1,52,True,False,True,True,,,,R0
2_1,8.083333333333334,0.08333333333333333,0.8,1,0,0.0,0,0.0,0.08333333333333333,0.0,0,1,6.0,25.0,33.0,5.0,8.083333333333334,8.083333333333334,8.083333333333334,8.083333333333334,0,0.0,0.08333333333333333,5.0,8.083333333333334,0,0.0,0.08333333333333333,5.0,8.116666666666667,0,0.0,0.11666666666666667,7.0,8.05,0,0.0,0.05,3.0,8.233333333333333,0,0.0,0.23333333333333334,14.0,8.083333333333334,0,0.0,0.08333333333333333,5.0,457.0,5.0,7.5,0.0,<10 (miss),10-60 (useful),rul,rul,0.0,0.0,0,0,0,0.0,457,28.505400560224103,28.505400560224103,28.96827838827839,28.96827838827839,22.5,20.0,20.0,60.970588235294116,60.46153846153846,60.46153846153846,1.0,31,68.88400000000003,6.119380952380993,1.0,1.0,1.0,1.0,105.24811064425771,,,,2,491,True,False,False,False,,,,R0
2_2,10.033333333333333,0.03333333333333333,1.0,1,0,0.0,0,0.0,0.03333333333333333,0.0,0,1,0.0,102.0,104.0,2.0,10.033333333333333,10.033333333333333,10.033333333333333,10.033333333333333,0,0.0,0.03333333333333333,2.0,10.083333333333334,0,0.0,0.08333333333333333,5.0,10.083333333333334,0,0.0,0.08333333333333333,5.0,10.504166666666666,1,0.016666666666666666,0.0,-1.0,10.616666666666667,0,0.0,0.6166666666666667,37.0,10.1,0,0.0,0.1,6.0,56.0,2.0,0.8333333333333334,0.0,<10 (miss),>60 (early page),rul,rul,0.0,0.0,3,2,1,0.036585365853658534,56,33.00110452961673,30.23903911564626,28.15124833110815,28.43285636221702,28.670731707317074,30.869158878504674,15.311475409836065,13.536585365853659,13.878504672897197,13.032786885245901,1.0,31,60.04952380952378,0.0,1.0,1.0,1.0,1.0,114.62887688734031,,,,2,161,False,False,False,False,,,,R0
2_3,6.699999999999999,0.0,0.0,0,1,1.5166666666666666,0,0.0,0.0,3.7666666666666666,0,1,151.0,402.0,402.0,0.0,4.7,6.699999999999999,11.7,6.749999999999999,0,0.0,0.05,3.0,6.749999999999999,0,0.0,0.05,3.0,7.737499999999999,1,2.15,0.0,-129.0,7.995833333333333,1,3.183333333333333,0.0,-191.0,7.554166666666666,1,1.4166666666666667,0.0,-85.0,7.3374999999999995,1,0.55,0.0,-33.0,130.0,0.0,2.1166666666666667,0.0,>60 (early page),>60 (early page),rul,rul,1.5166666666666666,3.7666666666666666,3,3,0,0.007444168734491315,130,162.79631430934657,17.866257611241213,102.665643030935,17.866257611241213,173.30769230769232,109.89416058394161,15.245901639344263,159.0,117.56934306569343,30.0,0.2903225806451613,31,47.79342857142856,0.0,1.0,1.0,0.20843672456575682,1.0,99.30629114971049,,,,2,533,False,False,False,False,,,,R0
2_4,8.733333333333334,0.06666666666666667,0.8666666666666667,1,0,0.0,0,0.0,0.06666666666666667,0.0,0,0,4.0,7.0,7.0,4.0,8.733333333333334,8.733333333333334,8.733333333333334,8.733333333333334,0,0.0,0.06666666666666667,4.0,8.733333333333334,0,0.0,0.06666666666666667,4.0,8.766666666666667,0,0.0,0.1,6.0,8.733333333333334,0,0.0,0.06666666666666667,4.0,8.816666666666668,0,0.0,0.15,9.0,8.733333333333334,0,0.0,0.06666666666666667,4.0,34.0,4.0,0.4666666666666667,0.0,<10 (miss),<10 (miss),rul,rul,0.0,0.0,1,0,1,0.16666666666666666,34,31.25499206349207,31.25499206349207,40.99423412698413,40.99423412698413,34.5,33.5,33.5,86.0,85.16666666666667,85.16666666666667,1.0,31,51.8104285714286,0.0,1.0,1.0,1.0,1.0,98.5196111111111,,,,2,42,False,True,True,True,,,,R0
2_5,6.1625000000000005,0.5166666666666667,0.0,0,1,0.8,0,0.0,0.5166666666666667,0.9833333333333333,0,1,144.0,179.0,179.0,31.0,4.1625,6.1625000000000005,11.162500000000001,6.279166666666667,0,0.0,0.6333333333333333,38.0,6.279166666666667,0,0.0,0.6333333333333333,38.0,6.1625000000000005,0,0.0,0.5166666666666667,31.0,6.179166666666667,1,0.13333333333333333,0.0,-8.0,6.595833333333334,0,0.0,0.95,57.0,6.279166666666667,0,0.0,0.6333333333333333,38.0,159.0,31.0,2.0166666666666666,0.0,>60 (early page),>60 (early page),rul,rul,0.8,0.9833333333333333,3,3,0,0.016666666666666666,159,64.61708544973546,20.799501170960184,75.96625186188218,20.799501170960184,64.66666666666667,79.40758293838863,15.245901639344263,70.59444444444445,75.67298578199052,30.0,0.5161290322580645,31,52.79433333333336,0.0,1.0,1.0,0.45555555555555555,1.0,88.40259550264551,,,,2,339,True,False,False,False,,,,R0
3_1,5.333333333333333,0.0,0.5333333333333333,0,0,0.0,0,0.0,0.0,0.0,0,1,14.0,73.0,140.0,0.0,5.333333333333333,5.333333333333333,5.333333333333333,5.883333333333333,1,0.2,0.0,-12.0,5.6499999999999995,0,0.0,0.31666666666666665,19.0,5.633333333333333,0,0.0,0.3,18.0,5.891666666666667,1,0.23333333333333334,0.0,-14.0,5.916666666666666,0,0.0,0.5833333333333334,35.0,5.616666666666666,0,0.0,0.2833333333333333,17.0,2397.0,0.0,39.63333333333333,0.0,10-60 (useful),>60 (early page),rul,rul,0.0,0.0,2,1,1,0.014388489208633094,2397,22.563372045220955,10.277139628732849,18.88811295681062,10.089540983606557,46.2589928057554,40.689922480620154,15.262295081967213,44.0863309352518,42.48837209302326,29.65573770491803,1.0,31,75.68128571428572,12.916666666666686,1.0,1.0,0.8561151079136691,1.0,108.83956457690988,,,,3,2538,False,False,False,False,,,,R0
3_2,14.004166666666666,4.0,1.0,1,0,0.0,0,0.0,4.0,0.016666666666666666,0,1,0.0,220.0,220.0,811.0,14.004166666666666,14.004166666666666,14.004166666666666,14.004166666666666,0,0.0,4.0,1115.0,14.004166666666666,0,0.0,4.0,1253.0,14.004166666666666,0,0.0,4.0,957.0,11.208333333333332,1,0.016666666666666666,0.7,42.0,14.004166666666666,0,0.0,4.0,1005.0,14.004166666666666,0,0.0,4.0,811.0,2275.0,811.0,17.033333333333335,0.0,<10 (miss),>60 (early page),rul,rul,0.0,0.016666666666666666,2,1,1,0.07142857142857142,2275,38.01600510204081,33.03409876543209,468.1756043743078,23.285346604215462,22.25,487.34302325581393,15.262295081967213,20.392857142857142,515.5,30.0,1.0,31,47.47252380952381,0.0,1.0,1.0,0.9642857142857143,1.0,107.4100102040816,,,,3,2496,True,False,False,False,,,,R0
3_3,3.383333333333333,0.05,0.3333333333333333,0,0,0.0,0,0.0,0.05,0.0,0,1,20.0,25.0,25.0,3.0,3.383333333333333,3.383333333333333,3.383333333333333,3.383333333333333,0,0.0,0.05,3.0,3.383333333333333,0,0.0,0.05,3.0,3.433333333333333,0,0.0,0.1,6.0,3.3666666666666663,0,0.0,0.03333333333333333,2.0,3.5666666666666664,0,0.0,0.23333333333333334,14.0,3.4,0,0.0,0.06666666666666667,4.0,345.0,3.0,5.65,0.0,10-60 (useful),10-60 (useful),rul,rul,0.0,0.0,0,0,0,0.0,345,8.684838827838826,8.684838827838826,10.986484400656813,10.986484400656813,26.5,25.0,25.0,68.0,67.79310344827586,67.79310344827586,0.9354838709677419,31,40.24761904761903,0.0,1.0,1.0,1.0,1.0,83.48852014652013,,,,3,371,True,False,True,False,,,,R0
3_4,0.1,0.1,0.0,0,0,0.0,0,0.0,0.1,0.0,0,1,59.0,91.0,91.0,6.0,0.1,0.1,0.1,0.1,0,0.0,0.1,6.0,4.0,0,0.0,4.0,299.0,0.21666666666666667,0,0.0,0.21666666666666667,13.0,0.03333333333333333,0,0.0,0.03333333333333333,2.0,0.4,0,0.0,0.4,24.0,0.1,0,0.0,0.1,6.0,1423.0,6.0,18.733333333333334,0.0,10-60 (useful),>60 (early page),rul,rul,0.0,0.0,2,2,0,0.021739130434782608,1423,19.91374534161491,13.649508977361437,21.712723032069974,13.649508977361437,24.97826086956522,27.275510204081634,15.311475409836065,1.9673913043478262,2.0714285714285716,1.9508196721311475,0.8709677419354839,31,45.18871428571428,0.0,1.0,1.0,1.0,1.0,93.05726708074532,,,,3,1515,True,False,False,False,,,,R0
3_5,0.525,0.525,0.0,0,0,0.0,1,0.1,0.0,0.0,0,1,38.0,101.0,86.0,0.0,0.525,0.525,0.525,1.0333333333333334,2,0.13333333333333333,0.0,-2.0,1.0333333333333334,2,0.13333333333333333,0.0,-2.0,0.5916666666666667,1,0.1,0.06666666666666667,4.0,1.2083333333333333,2,0.8333333333333334,0.0,-44.0,0.11666666666666667,0,0.0,0.11666666666666667,7.0,0.5916666666666667,1,0.1,0.06666666666666667,4.0,27.0,0.0,0.38333333333333336,0.1,10-60 (useful),>60 (early page),rul,rul,0.0,0.0,6,5,1,0.06451612903225806,10,14.961868919610858,9.705072599531615,12.753097478991597,9.705072599531615,26.06451612903226,22.423529411764704,15.311475409836065,2.3548387096774195,2.0,2.0,1.0,31,61.53652380952382,0.0,1.0,1.0,1.0,1.0,106.06498054275477,,,,3,114,True,True,False,False,,,,R0
1_1,10.683333333333334,0.6833333333333333,1.0,1,0,0.0,1,0.7333333333333333,0.0,0.0,0,1,,39.0,120.0,-44.0,10.683333333333334,10.683333333333334,10.683333333333334,10.804166666666667,1,1.2166666666666666,0.0,-73.0,10.7875,1,1.15,0.0,-69.0,10.683333333333334,1,0.7333333333333333,0.0,-44.0,10.816666666666666,1,1.2666666666666666,0.0,-76.0,10.720833333333333,1,0.8833333333333333,0.0,-53.0,10.8,1,1.2,0.0,-72.0,2.0,-44.0,0.7666666666666667,0.7333333333333333,never,10-60 (useful),,rul,0.0,0.0,0,0,0,0.0,2,23.434188229577224,25.523710903738493,28.316821146022743,28.316821146022743,35.00826446280992,15.25,15.25,29.52892561983471,45.0,45.0,1.0,31,74.01300428253764,25.589993111106892,1.0,1.0,1.0,1.0,96.29104938244556,,,,1,123,False,False,False,False,,,,R1
1_2,10.620833333333334,0.6208333333333333,1.0,1,0,0.0,1,0.48333333333333334,0.0,0.0,0,1,,102.0,158.0,-29.0,10.620833333333334,10.620833333333334,10.620833333333334,10.7,1,0.8,0.0,-48.0,10.675,1,0.7,0.0,-42.0,10.683333333333334,1,0.7333333333333333,0.0,-44.0,10.708333333333334,1,0.8333333333333334,0.0,-50.0,10.504166666666666,1,0.016666666666666666,0.0,-1.0,10.620833333333334,1,0.48333333333333334,0.0,-29.0,2.0,-29.0,0.5166666666666667,0.48333333333333334,never,>60 (early page),,rul,0.0,0.0,0,0,0,0.0,2,37.42206203928614,15.63474475066389,26.48457803734287,15.63474475066389,54.23899371069182,32.93693693693694,15.262295081967213,33.78616352201258,28.63963963963964,24.24590163934426,1.0,31,73.28388167267808,24.860870501247334,1.0,1.0,0.6855345911949685,1.0,90.53980800901039,,,,1,161,False,False,False,False,,,,R1
1_3,10.791666666666666,0.7916666666666667,1.0,1,0,0.0,1,1.1666666666666667,0.0,0.0,0,1,,35.0,155.0,-70.0,10.791666666666666,10.791666666666666,10.791666666666666,10.870833333333334,1,1.4833333333333334,0.0,-89.0,10.870833333333334,1,1.4833333333333334,0.0,-89.0,10.858333333333333,1,1.4333333333333333,0.0,-86.0,10.916666666666666,1,1.6666666666666667,0.0,-100.0,10.795833333333333,1,1.1833333333333333,0.0,-71.0,10.791666666666666,1,1.1666666666666667,0.0,-70.0,2.0,-70.0,1.2,1.1666666666666667,never,10-60 (useful),,rul,0.0,0.0,1,1,0,0.00641025641025641,2,32.69605346916868,25.22677256495208,23.374640672931825,25.22677256495208,52.26923076923077,16.761194029850746,15.311475409836065,19.25,12.0,12.0,1.0,31,71.3988087252956,22.97579755386485,1.0,1.0,0.7692307692307693,1.0,95.72864818518909,,,,1,158,False,False,False,False,,,,R1
1_4,10.0,0.0,1.0,1,0,0.0,0,0.0,0.0,0.0,0,0,,0.0,38.0,0.0,10.0,10.0,10.0,10.016666666666667,0,0.0,0.016666666666666666,1.0,10.066666666666666,0,0.0,0.06666666666666667,4.0,10.6,1,0.4,0.0,-24.0,10.0,0,0.0,0.0,0.0,10.616666666666667,0,0.0,0.6166666666666667,37.0,10.6375,1,0.55,0.0,-33.0,83.0,0.0,1.3166666666666667,0.0,never,<10 (miss),,rul,0.0,0.0,0,0,0,0.0,83,56.138729489452984,56.138729489452984,69.9239432763068,69.9239432763068,15.512820512820513,31.5,31.5,73.0,89.5,89.5,1.0,31,75.86387007402348,27.440858902592737,1.0,1.0,0.28205128205128205,0.28205128205128205,92.87074427017014,,,,1,122,False,False,True,False,,,,R1
1_5,10.633333333333333,0.6333333333333333,1.0,1,0,0.0,1,0.5333333333333333,0.0,0.0,0,0,,11.0,49.0,-32.0,10.633333333333333,10.633333333333333,10.633333333333333,10.641666666666667,1,0.5666666666666667,0.0,-34.0,10.641666666666667,1,0.5666666666666667,0.0,-34.0,10.641666666666667,1,0.5666666666666667,0.0,-34.0,10.6375,1,0.55,0.0,-33.0,10.6125,1,0.45,0.0,-27.0,10.633333333333333,1,0.5333333333333333,0.0,-32.0,2.0,-32.0,0.5666666666666667,0.5333333333333333,never,10-60 (useful),,rul,0.0,0.0,1,1,0,0.02,2,46.5971520554586,46.5971520554586,47.364644282676835,47.364644282676835,16.7,31.5,31.5,66.68,79.8125,79.8125,1.0,31,77.63690195545088,29.213890784020137,1.0,1.0,0.56,0.56,90.99969774769431,,,,1,52,True,False,True,True,,,,R1
2_1,10.083333333333334,0.08333333333333333,1.0,1,0,0.0,0,0.0,0.08333333333333333,0.0,0,1,,26.0,33.0,5.0,10.083333333333334,10.083333333333334,10.083333333333334,10.083333333333334,0,0.0,0.08333333333333333,5.0,10.083333333333334,0,0.0,0.08333333333333333,5.0,10.116666666666667,0,0.0,0.11666666666666667,7.0,10.05,0,0.0,0.05,3.0,10.233333333333333,0,0.0,0.23333333333333334,14.0,10.083333333333334,0,0.0,0.08333333333333333,5.0,457.0,5.0,7.5,0.0,never,10-60 (useful),,rul,0.0,0.0,0,0,0,0.0,457,30.719666323638428,30.719666323638428,31.126574146946503,31.126574146946503,22.5,20.0,20.0,60.970588235294116,60.46153846153846,60.46153846153846,1.0,31,66.98846802925853,18.565456857827783,1.0,1.0,1.0,1.0,91.60188128382227,,,,2,491,True,False,False,False,,,,R1
2_2,10.033333333333333,0.03333333333333333,1.0,1,0,0.0,0,0.0,0.03333333333333333,0.0,0,1,,97.0,104.0,2.0,10.033333333333333,10.033333333333333,10.033333333333333,10.033333333333333,0,0.0,0.03333333333333333,2.0,10.083333333333334,0,0.0,0.08333333333333333,5.0,10.083333333333334,0,0.0,0.08333333333333333,5.0,10.504166666666666,1,0.016666666666666666,0.0,-1.0,10.616666666666667,0,0.0,0.6166666666666667,37.0,10.1,0,0.0,0.1,6.0,56.0,2.0,0.8333333333333334,0.0,never,>60 (early page),,rul,0.0,0.0,0,0,0,0.0,56,22.74076284196679,15.989179780696547,23.06257282505351,15.989179780696547,30.057142857142857,30.869158878504674,15.311475409836065,13.857142857142858,13.878504672897197,13.032786885245901,1.0,31,64.46172410590931,16.038712934478568,1.0,1.0,1.0,1.0,89.59569719781977,,,,2,161,False,False,False,False,,,,R1
2_3,10.320833333333333,0.0,1.0,1,0,0.0,0,0.0,0.0,1.2833333333333334,0,1,,197.0,401.0,0.0,10.320833333333333,10.320833333333333,10.320833333333333,10.3875,0,0.0,0.06666666666666667,4.0,10.3875,0,0.0,0.06666666666666667,4.0,11.354166666666666,1,2.1333333333333333,0.0,-128.0,11.612499999999999,1,3.1666666666666665,0.0,-190.0,11.170833333333333,1,1.4,0.0,-84.0,10.954166666666666,1,0.5333333333333333,0.0,-32.0,131.0,0.0,2.1166666666666667,0.0,never,>60 (early page),,rul,0.0,1.2833333333333334,0,0,0,0.0,131,151.02682697701434,15.210363763678377,96.3698021773047,15.210363763678377,172.8134328358209,109.89416058394161,15.245901639344263,158.6218905472637,117.56934306569343,30.0,1.0,31,70.68090303667118,22.25789186524044,1.0,1.0,0.19900497512437812,1.0,89.42456378178052,,,,2,533,False,False,False,False,,,,R1
2_4,10.066666666666666,0.06666666666666667,1.0,1,0,0.0,0,0.0,0.06666666666666667,0.0,0,0,,7.0,7.0,4.0,10.066666666666666,10.066666666666666,10.066666666666666,10.066666666666666,0,0.0,0.06666666666666667,4.0,10.066666666666666,0,0.0,0.06666666666666667,4.0,10.1,0,0.0,0.1,6.0,10.066666666666666,0,0.0,0.06666666666666667,4.0,10.15,0,0.0,0.15,9.0,10.066666666666666,0,0.0,0.06666666666666667,4.0,34.0,4.0,0.4666666666666667,0.0,never,<10 (miss),,rul,0.0,0.0,0,0,0,0.0,34,42.04800373745976,42.04800373745976,46.22622840448789,46.22622840448789,35.5,33.5,33.5,86.0,85.16666666666667,85.16666666666667,1.0,31,52.30382059633423,3.8808094249034895,1.0,1.0,1.0,1.0,93.31305494688705,,,,2,42,False,True,True,True,,,,R1
2_5,10.658333333333333,0.55,1.0,1,0,0.0,0,0.0,0.55,0.43333333333333335,0,1,,146.0,177.0,33.0,10.658333333333333,10.658333333333333,10.658333333333333,10.774999999999999,0,0.0,0.6666666666666666,40.0,10.774999999999999,0,0.0,0.6666666666666666,40.0,10.658333333333333,0,0.0,0.55,33.0,10.633333333333333,1,0.1,0.0,-6.0,11.091666666666665,0,0.0,0.9833333333333333,59.0,10.774999999999999,0,0.0,0.6666666666666666,40.0,161.0,33.0,2.0166666666666666,0.0,never,>60 (early page),,rul,0.0,0.43333333333333335,0,0,0,0.0,161,48.31251617519571,15.51918920582369,59.78706776095361,15.51918920582369,63.7247191011236,79.40758293838863,15.245901639344263,70.29775280898876,75.67298578199052,30.0,1.0,31,71.82398541500045,23.400974243569706,1.0,1.0,0.5337078651685393,1.0,91.79042906166518,,,,2,339,True,False,False,False,,,,R1
3_1,10.0,0.0,1.0,1,0,0.0,0,0.0,0.0,0.0,0,1,,79.0,136.0,0.0,10.0,10.0,10.0,10.533333333333333,1,0.13333333333333333,0.0,-8.0,10.383333333333333,0,0.0,0.38333333333333336,23.0,10.366666666666667,0,0.0,0.36666666666666664,22.0,10.541666666666666,1,0.16666666666666666,0.0,-10.0,10.65,0,0.0,0.65,39.0,10.35,0,0.0,0.35,21.0,2401.0,0.0,39.63333333333333,0.0,never,>60 (early page),,rul,0.0,0.0,1,1,0,0.0072992700729927005,2401,27.00588132731932,15.232640056546945,24.705239939664757,15.232640056546945,44.24087591240876,40.689922480620154,15.262295081967213,43.160583941605836,42.48837209302326,29.65573770491803,1.0,31,68.19062995079746,19.767618779366714,1.0,1.0,0.8467153284671532,1.0,93.46812610841052,,,,3,2538,False,False,False,False,,,,R1
3_2,14.0,4.0,1.0,1,0,0.0,0,0.0,4.0,0.0,0,1,,16.0,20.0,1011.0,14.0,14.0,14.0,14.0,0,0.0,4.0,1315.0,14.0,0,0.0,4.0,1453.0,14.0,0,0.0,4.0,1157.0,10.8,0,0.0,0.8,48.0,14.0,0,0.0,4.0,1205.0,14.0,0,0.0,4.0,1011.0,2475.0,1011.0,17.033333333333335,0.0,never,10-60 (useful),,rul,0.0,0.0,0,0,0,0.0,2475,44.58815927444305,44.58815927444305,447.2756686104712,33.33978787321552,19.0,487.34302325581393,15.262295081967213,10.0,515.5,30.0,1.0,31,62.57953477484771,14.156523603416964,1.0,1.0,0.9523809523809523,0.9523809523809523,96.66512316148088,,,,3,2496,True,False,False,False,,,,R1
3_3,10.083333333333334,0.08333333333333333,1.0,1,0,0.0,0,0.0,0.08333333333333333,0.0,0,1,,23.0,23.0,5.0,10.083333333333334,10.083333333333334,10.083333333333334,10.083333333333334,0,0.0,0.08333333333333333,5.0,10.083333333333334,0,0.0,0.08333333333333333,5.0,10.133333333333333,0,0.0,0.13333333333333333,8.0,10.066666666666666,0,0.0,0.06666666666666667,4.0,10.266666666666667,0,0.0,0.26666666666666666,16.0,10.1,0,0.0,0.1,6.0,347.0,5.0,5.65,0.0,never,10-60 (useful),,rul,0.0,0.0,0,0,0,0.0,347,28.506958752813404,28.506958752813404,29.621948785031513,29.621948785031513,27.5,25.0,25.0,68.0,67.79310344827586,67.79310344827586,1.0,31,48.31534228263146,0.0,1.0,1.0,1.0,1.0,88.42996992424416,,,,3,371,True,False,True,False,,,,R1
3_4,10.083333333333334,0.08333333333333333,1.0,1,0,0.0,0,0.0,0.08333333333333333,0.0,0,1,,71.0,92.0,5.0,10.083333333333334,10.083333333333334,10.083333333333334,10.083333333333334,0,0.0,0.08333333333333333,5.0,14.0,0,0.0,4.0,298.0,10.2,0,0.0,0.2,12.0,10.016666666666667,0,0.0,0.016666666666666666,1.0,10.383333333333333,0,0.0,0.38333333333333336,23.0,10.083333333333334,0,0.0,0.08333333333333333,5.0,1422.0,5.0,18.733333333333334,0.0,never,>60 (early page),,rul,0.0,0.0,0,0,0,0.0,1422,15.628738202720246,15.663914548807803,16.18219333185292,15.663914548807803,25.35483870967742,27.275510204081634,15.311475409836065,1.967741935483871,2.0714285714285716,1.9508196721311475,1.0,31,67.8085309170096,19.38551974557886,1.0,1.0,1.0,1.0,90.06015799733395,,,,3,1515,True,False,False,False,,,,R1
3_5,10.558333333333334,0.5583333333333333,1.0,1,0,0.0,1,0.23333333333333334,0.0,0.0,0,1,,39.0,104.0,-14.0,10.558333333333334,10.558333333333334,10.558333333333334,10.583333333333334,1,0.3333333333333333,0.0,-20.0,10.583333333333334,1,0.3333333333333333,0.0,-20.0,10.558333333333334,1,0.23333333333333334,0.0,-14.0,10.758333333333333,1,1.0333333333333334,0.0,-62.0,10.1,0,0.0,0.1,6.0,10.558333333333334,1,0.23333333333333334,0.0,-14.0,9.0,-14.0,0.38333333333333336,0.23333333333333334,never,10-60 (useful),,rul,0.0,0.0,2,2,0,0.01904761904761905,9,21.54887934315401,26.87413816976453,21.403230410209446,26.87413816976453,30.057142857142857,22.423529411764704,15.311475409836065,2.3904761904761904,2.0,2.0,1.0,31,70.9000173867322,22.477006215301458,1.0,1.0,1.0,1.0,96.34759861376051,,,,3,114,True,True,False,False,,,,R1
1_1,10.0,0.0,1.0,1,0,0.0,0,0.0,0.0,0.0,0,1,,40.0,48.0,0.0,10.0,10.0,10.0,10.504166666666666,1,0.016666666666666666,0.0,-1.0,10.05,0,0.0,0.05,3.0,10.466666666666667,0,0.0,0.4666666666666667,28.0,10.516666666666667,1,0.06666666666666667,0.0,-4.0,10.316666666666666,0,0.0,0.31666666666666665,19.0,10.0,0,0.0,0.0,0.0,74.0,0.0,0.7666666666666667,0.0,never,10-60 (useful),,severity,0.0,0.0,0,0,0,0.0,74,45.0,45.0,45.0,45.0,15.183673469387756,15.25,15.25,45.0,45.0,45.0,1.0,31,93.0,4.725888324873097,1.0,1.0,0.9591836734693877,0.9591836734693877,5735.736040609138,0.4014775828739919,1.0,0.35822908380235946,1,123,False,False,False,False,3.0,D (fallback),,N_simplest
1_2,5.5,0.0,0.0,0,1,1.0,0,0.0,0.0,0.0,0,1,120.0,120.0,125.0,0.0,3.5,5.5,10.5,6.0625,1,0.25,0.0,-15.0,6.0375,1,0.15,0.0,-9.0,6.045833333333333,1,0.18333333333333332,0.0,-11.0,6.070833333333334,1,0.2833333333333333,0.0,-17.0,6.033333333333333,0,0.0,0.5333333333333333,32.0,5.566666666666666,0,0.0,0.06666666666666667,4.0,35.0,0.0,0.5166666666666667,0.0,>60 (early page),>60 (early page),rul,rul,1.0,0.0,0,0,0,0.0,35,33.0108056226505,14.446419238615986,33.4814255470025,14.446419238615986,39.37301587301587,32.93693693693694,15.262295081967213,29.27777777777778,28.63963963963964,24.24590163934426,0.8064516129032258,31,157.8436009388126,41.30344449578731,1.0,1.0,0.9047619047619048,0.9841269841269841,147.8593760670334,0.4729061543025633,0.0,0.2236402307772397,1,161,False,False,False,False,3.0,"latch|ET(min_samples_leaf=10,max_features=0.3)|global|crit:q10@a0.1|S1=3.0|S2=off",5.349107142857143,N_simplest
1_3,6.333333333333333,0.0,0.6333333333333333,0,0,0.0,0,0.0,0.0,0.0,0,1,11.0,35.0,81.0,0.0,6.333333333333333,6.333333333333333,6.333333333333333,6.895833333333333,1,0.25,0.0,-15.0,6.895833333333333,1,0.25,0.0,-15.0,6.883333333333333,1,0.2,0.0,-12.0,6.941666666666666,1,0.43333333333333335,0.0,-26.0,6.383333333333333,0,0.0,0.05,3.0,6.3999999999999995,0,0.0,0.06666666666666667,4.0,76.0,0.0,1.2,0.0,10-60 (useful),10-60 (useful),severity,severity,0.0,0.0,0,0,0,0.0,76,54.7316783516412,56.04687006818724,55.5011684572967,56.04687006818724,21.378048780487806,16.761194029850746,15.311475409836065,12.0,12.0,12.0,0.8709677419354839,31,111.4833310507358,13.57738546891179,1.0,0.0,0.573170731707317,0.573170731707317,265.3009203011614,0.42316125634337964,0.6964285714285714,0.2860908418204002,1,158,False,False,False,False,3.0,latch|HGBq(min_samples_leaf=40)|global|crit:q50|S1=3.0|S2=6.0,4.854464285714286,N_simplest
1_4,10.1,0.1,1.0,1,0,0.0,0,0.0,0.1,0.0,0,0,,,,,10.1,10.1,10.1,10.666666666666666,0,0.0,0.6666666666666666,,10.716666666666667,0,0.0,0.7166666666666667,,10.25,0,0.0,0.25,,10.1,0,0.0,0.1,,11.266666666666666,0,0.0,1.2666666666666666,,10.1,0,0.0,0.1,,,,1.3166666666666667,0.0,never,never,,,0.0,0.0,0,0,0,0.0,-1,,,,,,31.5,31.5,,89.5,89.5,,0,,,,,,,,0.4014775828739919,1.0,0.3582290838023592,1,122,False,False,True,False,3.0,"latch|ET(min_samples_leaf=20,max_features=0.3)|global|crit:q50|S1=3.0|S2=4.0",4.433928571428572,N_simplest
1_5,7.033333333333333,0.03333333333333333,0.7,1,0,0.0,0,0.0,0.03333333333333333,0.0,0,0,9.0,9.0,13.0,2.0,7.033333333333333,7.033333333333333,7.033333333333333,7.033333333333333,0,0.0,0.03333333333333333,2.0,7.033333333333333,0,0.0,0.03333333333333333,2.0,7.033333333333333,0,0.0,0.03333333333333333,2.0,7.05,0,0.0,0.05,3.0,7.15,0,0.0,0.15,9.0,7.066666666666666,0,0.0,0.06666666666666667,4.0,38.0,2.0,0.5666666666666667,0.0,<10 (miss),<10 (miss),rul,rul,0.0,0.0,0,0,0,0.0,38,24.02701825498308,24.02701825498308,24.02701825498308,24.02701825498308,32.5,31.5,31.5,80.0,79.8125,79.8125,1.0,14,86.25942213112434,38.38667274586337,0.0,0.0,0.7142857142857143,0.7142857142857143,95.9212911431989,0.4014775828739919,1.0,0.35822908380235935,1,52,True,False,True,True,3.0,"latch|ET(min_samples_leaf=20,max_features=0.5)|mondrian|crit:q10@a0.2|S1=3.0|S2=off",4.613392857142857,N_simplest
2_1,10.1,0.1,1.0,1,0,0.0,0,0.0,0.1,0.0,0,1,,32.0,32.0,6.0,10.1,10.1,10.1,10.1,0,0.0,0.1,6.0,10.1,0,0.0,0.1,6.0,10.133333333333333,0,0.0,0.13333333333333333,8.0,10.066666666666666,0,0.0,0.06666666666666667,4.0,10.25,0,0.0,0.25,15.0,10.1,0,0.0,0.1,6.0,458.0,6.0,7.5,0.0,never,10-60 (useful),,severity,0.0,0.0,0,0,0,0.0,458,61.0,61.0,61.0,61.0,23.0,20.0,20.0,61.0,60.46153846153846,60.46153846153846,1.0,31,93.0,4.725888324873097,1.0,1.0,0.9090909090909091,0.9090909090909091,6391.248730964468,0.4585552084447681,0.2009132420091324,0.22692649406333348,2,491,True,False,False,False,3.0,D (fallback),,N_simplest
2_2,5.175,0.0,0.0,0,1,0.35,0,0.0,0.0,0.0,0,1,81.0,102.0,106.0,0.0,3.175,5.175,10.175,5.175,0,0.0,0.0,0.0,5.225,0,0.0,0.05,3.0,5.225,0,0.0,0.05,3.0,5.6875,1,0.05,0.0,-3.0,5.758333333333333,0,0.0,0.5833333333333334,35.0,5.241666666666666,0,0.0,0.06666666666666667,4.0,54.0,0.0,0.8333333333333334,0.0,>60 (early page),>60 (early page),severity,rul,0.35,0.0,0,0,0,0.0,54,28.267816986564625,14.43902448566034,28.267816986564625,14.43902448566034,30.869158878504674,30.869158878504674,15.311475409836065,13.878504672897197,13.878504672897197,13.032786885245901,0.5806451612903226,31,64.74278383309215,16.75320361128468,1.0,1.0,0.9719626168224299,0.9719626168224299,140.73851620443148,0.4434943895966809,0.4117647058823529,0.24322130570058356,2,161,False,False,False,False,3.0,"latch|ET(min_samples_leaf=10,max_features=0.3)|global|crit:q50|S1=3.0|S2=4.0",4.879464285714286,N_simplest
2_3,6.604166666666667,0.18333333333333332,0.0,0,1,2.15,0,0.0,0.18333333333333332,1.3833333333333333,0,1,189.0,203.0,262.0,11.0,4.604166666666667,6.604166666666667,11.604166666666666,8.804166666666667,0,0.0,2.3833333333333333,143.0,8.804166666666667,0,0.0,2.3833333333333333,143.0,6.604166666666667,0,0.0,0.18333333333333332,11.0,7.133333333333334,1,0.85,0.0,-51.0,7.3375,0,0.0,0.9166666666666666,55.0,8.204166666666667,0,0.0,1.7833333333333334,107.0,270.0,11.0,2.1166666666666667,0.0,>60 (early page),>60 (early page),severity,rul,2.15,1.3833333333333333,0,0,0,0.0,270,94.06025916584451,22.07809667565443,94.06025916584451,22.07809667565443,104.5361216730038,109.89416058394161,15.245901639344263,115.08365019011407,117.56934306569343,30.0,0.1935483870967742,31,112.3005123105373,31.094910108509445,1.0,1.0,0.38783269961977185,0.9923954372623575,133.15596902535407,0.4729061543025632,0.0,0.22364023077723974,2,533,False,False,False,False,3.0,"latch|ET(min_samples_leaf=10,max_features=0.3)|global|crit:q50|S1=3.0|S2=4.0",4.7300595238095235,N_simplest
2_4,8.066666666666666,0.06666666666666667,0.8,1,0,0.0,0,0.0,0.06666666666666667,0.0,0,0,6.0,7.0,7.0,4.0,8.066666666666666,8.066666666666666,8.066666666666666,8.066666666666666,0,0.0,0.06666666666666667,4.0,8.066666666666666,0,0.0,0.06666666666666667,4.0,8.1,0,0.0,0.1,6.0,8.066666666666666,0,0.0,0.06666666666666667,4.0,8.15,0,0.0,0.15,9.0,8.066666666666666,0,0.0,0.06666666666666667,4.0,34.0,4.0,0.4666666666666667,0.0,<10 (miss),<10 (miss),rul,rul,0.0,0.0,0,0,0,0.0,34,11.723386162064028,11.723386162064028,11.723386162064028,11.723386162064028,35.5,33.5,33.5,86.0,85.16666666666667,85.16666666666667,1.0,8,25.589032334286685,5.547029513355326,1.0,1.0,0.75,0.75,71.54207028811145,0.4014775828739919,1.0,0.35822908380235935,2,42,False,True,True,True,3.0,"latch|ET(min_samples_leaf=20,max_features=0.3)|global|crit:q50|S1=3.0|S2=4.0",4.696428571428571,N_simplest
2_5,6.083333333333333,0.36666666666666664,0.0,0,1,1.2166666666666666,0,0.0,0.36666666666666664,0.43333333333333335,0,1,133.0,146.0,188.0,22.0,4.083333333333333,6.083333333333333,11.083333333333332,6.2,0,0.0,0.48333333333333334,29.0,6.2,0,0.0,0.48333333333333334,29.0,6.083333333333333,0,0.0,0.36666666666666664,22.0,6.2875000000000005,1,0.2833333333333333,0.0,-17.0,6.516666666666667,0,0.0,0.8,48.0,6.2,0,0.0,0.48333333333333334,29.0,150.0,22.0,2.0166666666666666,0.0,>60 (early page),>60 (early page),rul,rul,1.2166666666666666,0.43333333333333335,0,0,0,0.0,150,48.764290294295826,16.33997894997045,48.764290294295826,16.33997894997045,68.92063492063492,79.40758293838863,15.245901639344263,71.85185185185185,75.67298578199052,30.0,0.7741935483870968,31,198.33332890153676,57.41064720430386,1.0,1.0,0.9629629629629629,0.9629629629629629,249.01868231276288,0.4729061543025633,0.0,0.2236402307772398,2,339,True,False,False,False,3.0,"latch|ET(min_samples_leaf=10,max_features=0.3)|global|crit:q50|S1=3.0|S2=4.0",4.647619047619047,N_simplest
3_1,5.475,0.0,0.0,0,1,0.95,0,0.0,0.0,0.0,0,1,117.0,117.0,145.0,0.0,3.475,5.475,10.475,6.045833333333333,1,0.2833333333333333,0.0,-17.0,5.708333333333333,0,0.0,0.23333333333333334,14.0,5.691666666666666,0,0.0,0.21666666666666667,13.0,6.054166666666666,1,0.31666666666666665,0.0,-19.0,5.975,0,0.0,0.5,30.0,5.675,0,0.0,0.2,12.0,2392.0,0.0,39.63333333333333,0.0,>60 (early page),>60 (early page),rul,rul,0.95,0.0,0,0,0,0.0,2392,22.675382865836138,8.939360502421765,21.90709956627653,8.939360502421765,48.294520547945204,40.689922480620154,15.262295081967213,43.82876712328767,42.48837209302326,29.65573770491803,0.8709677419354839,31,134.72183156100215,34.10670058961178,1.0,1.0,0.9863013698630136,0.9863013698630136,244.03777627600226,0.4729061543025633,0.0,0.2236402307772398,3,2538,False,False,False,False,3.0,"latch|ET(min_samples_leaf=10,max_features=0.3)|global|crit:q10@a0.2|S1=3.0|S2=off",4.99672619047619,N_simplest
3_2,8.3,0.0,0.7666666666666667,1,0,0.0,0,0.0,0.0,2.533333333333333,0,1,7.0,272.0,1260.0,0.0,8.3,8.3,8.3,9.55,0,0.0,1.25,75.0,11.85,0,0.0,3.55,213.0,9.145833333333334,1,1.3833333333333333,0.0,-83.0,10.8,1,8.0,0.0,-1192.0,8.945833333333335,1,0.5833333333333334,0.0,-35.0,9.754166666666668,1,3.816666666666667,0.0,-229.0,1235.0,0.0,17.033333333333335,0.0,<10 (miss),>60 (early page),rul,rul,0.0,2.533333333333333,0,0,0,0.0,1235,538.8338450648002,18.764567299528572,430.4388351806135,18.764567299528572,601.689928628073,487.34302325581393,15.262295081967213,626.680412371134,515.5,30.0,1.0,31,94.34139749692824,24.818310034824382,1.0,1.0,0.14908802537668517,0.9952418715305313,267.90552887678996,0.4729061543025633,0.0,0.2236402307772398,3,2496,True,False,False,False,3.0,"latch|ET(min_samples_leaf=10,max_features=0.3)|global|crit:q50|S1=3.0|S2=4.0",4.774404761904761,N_simplest
3_3,2.7166666666666663,0.05,0.26666666666666666,0,0,0.0,0,0.0,0.05,0.0,0,1,22.0,23.0,25.0,3.0,2.7166666666666663,2.7166666666666663,2.7166666666666663,2.7166666666666663,0,0.0,0.05,3.0,2.7166666666666663,0,0.0,0.05,3.0,2.7666666666666666,0,0.0,0.1,6.0,2.6999999999999997,0,0.0,0.03333333333333333,2.0,2.9,0,0.0,0.23333333333333334,14.0,2.7333333333333334,0,0.0,0.06666666666666667,4.0,345.0,3.0,5.65,0.0,10-60 (useful),10-60 (useful),rul,rul,0.0,0.0,0,0,0,0.0,345,5.958815181875682,5.958815181875682,5.958815181875682,5.958815181875682,26.5,25.0,25.0,68.0,67.79310344827586,67.79310344827586,0.5769230769230769,26,42.20170102841997,8.977759273752358,1.0,1.0,0.9230769230769231,0.9230769230769231,72.2371105294805,0.4520270334234424,0.2923076923076923,0.23237417325189313,3,371,True,False,True,False,3.0,"latch|ET(min_samples_leaf=20,max_features=0.3)|global|crit:q50|S1=3.0|S2=4.0",5.0562499999999995,N_simplest
3_4,5.308333333333333,0.06666666666666667,0.0,0,1,0.48333333333333334,0,0.0,0.06666666666666667,0.0,0,1,89.0,89.0,93.0,4.0,3.3083333333333336,5.308333333333333,10.308333333333334,5.308333333333333,0,0.0,0.06666666666666667,4.0,9.241666666666667,0,0.0,4.0,297.0,5.425,0,0.0,0.18333333333333332,11.0,5.241666666666666,0,0.0,0.0,0.0,5.6083333333333325,0,0.0,0.36666666666666664,22.0,5.308333333333333,0,0.0,0.06666666666666667,4.0,1421.0,4.0,18.733333333333334,0.0,>60 (early page),>60 (early page),rul,rul,0.48333333333333334,0.0,0,0,0,0.0,1421,16.948837920377155,17.177668884434972,16.948837920377155,17.177668884434972,25.73404255319149,27.275510204081634,15.311475409836065,1.9680851063829787,2.0714285714285716,1.9508196721311475,0.5483870967741935,31,88.44197357817336,24.469898969260885,1.0,1.0,0.9680851063829787,0.9680851063829787,152.73277880811582,0.47152958654483923,0.019271948608137045,0.2234375116770676,3,1515,True,False,False,False,3.0,"latch|ET(min_samples_leaf=10,max_features=0.3)|global|crit:q10@a0.2|S1=3.0|S2=off",4.996428571428572,N_simplest
3_5,5.7625,0.5041666666666667,0.0,0,1,0.5166666666666667,1,0.016666666666666666,0.0,0.0,0,1,91.0,91.0,91.0,-1.0,3.7625,5.7625,10.7625,5.7875000000000005,1,0.11666666666666667,0.0,-7.0,5.7875000000000005,1,0.11666666666666667,0.0,-7.0,5.7625,1,0.016666666666666666,0.0,-1.0,5.9625,1,0.8166666666666667,0.0,-49.0,5.575,0,0.0,0.31666666666666665,19.0,5.7625,1,0.016666666666666666,0.0,-1.0,22.0,-1.0,0.38333333333333336,0.016666666666666666,>60 (early page),>60 (early page),rul,rul,0.5166666666666667,0.0,0,0,0,0.0,22,27.339329491315297,29.45726168923324,26.47962547911403,29.45726168923324,24.97826086956522,22.423529411764704,15.311475409836065,2.0,2.0,2.0,1.0,31,77.56625160009737,20.347356819336586,1.0,1.0,0.9347826086956522,0.9347826086956522,237.8091696453069,0.4014775828739919,1.0,0.35822908380235935,3,114,True,True,False,False,3.0,"latch|ET(min_samples_leaf=10,max_features=0.3)|global|crit:q10@a0.2|S1=3.0|S2=off",4.947619047619048,N_simplest
1_1,0.0,0.0,0.0,0,0,0.0,0,0.0,0.0,0.0,0,1,48.0,48.0,48.0,0.0,0.0,0.0,0.0,0.5041666666666667,1,0.016666666666666666,0.0,-1.0,0.05,0,0.0,0.05,3.0,0.4666666666666667,0,0.0,0.4666666666666667,28.0,0.5166666666666667,1,0.06666666666666667,0.0,-4.0,0.31666666666666665,0,0.0,0.31666666666666665,19.0,0.0,0,0.0,0.0,0.0,74.0,0.0,0.7666666666666667,0.0,10-60 (useful),10-60 (useful),rul,rul,0.0,0.0,0,0,0,0.0,74,26.44580408156754,26.44580408156754,26.271119986988122,26.271119986988122,15.183673469387756,15.25,15.25,45.0,45.0,45.0,1.0,31,13.169359378620516,2.570712384665773,1.0,1.0,0.8367346938775511,0.8367346938775511,140.16113551964042,0.3925841442077,1.0,0.36895402186789217,1,123,False,False,False,False,1.0,latch|HGBq(min_samples_leaf=40)|global|crit:q50|S1=3.0|S2=off,5.016666666666667,N_oracle
1_2,5.6125,0.0,0.0,0,1,1.15,0,0.0,0.0,0.15,0,1,129.0,129.0,129.0,0.0,3.6125000000000003,5.6125,10.612499999999999,6.191666666666666,1,0.31666666666666665,0.0,-19.0,6.166666666666666,1,0.21666666666666667,0.0,-13.0,6.175,1,0.25,0.0,-15.0,6.2,1,0.35,0.0,-21.0,6.079166666666667,0,0.0,0.4666666666666667,28.0,5.6125,0,0.0,0.0,0.0,31.0,0.0,0.5166666666666667,0.0,>60 (early page),>60 (early page),rul,rul,1.15,0.15,0,0,0,0.0,31,34.715384615384615,27.040983606557376,33.554054054054056,27.040983606557376,41.13076923076923,32.93693693693694,15.262295081967213,29.5,28.63963963963964,24.24590163934426,0.0,31,87.5,3.5974025974025947,1.0,1.0,1.0,1.0,3384.335664335665,0.46401271563627144,0.0,0.21530780027214733,1,161,False,False,False,False,1.0,latch|TSO()|global|crit:q10@a0.1|S1=3.0|S2=off,4.942261904761905,N_oracle
1_3,5.208333333333333,0.0,0.0,0,1,0.4166666666666667,0,0.0,0.0,0.0,0,1,85.0,85.0,85.0,0.0,3.2083333333333335,5.208333333333333,10.208333333333334,5.7875,1,0.31666666666666665,0.0,-19.0,5.7875,1,0.31666666666666665,0.0,-19.0,5.7749999999999995,1,0.26666666666666666,0.0,-16.0,5.833333333333333,1,0.5,0.0,-30.0,5.7124999999999995,1,0.016666666666666666,0.0,-1.0,5.208333333333333,0,0.0,0.0,0.0,72.0,0.0,1.2,0.0,>60 (early page),>60 (early page),rul,rul,0.4166666666666667,0.0,0,0,0,0.0,72,8.5,8.5,8.5,8.5,22.77906976744186,16.761194029850746,15.311475409836065,11.883720930232558,12.0,12.0,1.0,31,93.5,3.5000000000000027,1.0,1.0,1.0,1.0,5457.483942414174,0.41593579255934837,0.6730769230769231,0.2861659397020814,1,158,False,False,False,False,1.0,latch|TSO()|global|crit:q10@a0.1|S1=3.0|S2=off,4.971130952380952,N_oracle
1_4,8.333333333333334,0.0,0.8333333333333334,1,0,0.0,0,0.0,0.0,0.0,0,0,5.0,5.0,5.0,0.0,8.333333333333334,8.333333333333334,8.333333333333334,8.9,0,0.0,0.5666666666666667,34.0,8.950000000000001,0,0.0,0.6166666666666667,37.0,8.483333333333334,0,0.0,0.15,9.0,8.333333333333334,0,0.0,0.0,0.0,9.5,0,0.0,1.1666666666666667,70.0,8.333333333333334,0,0.0,0.0,0.0,116.0,0.0,1.3166666666666667,0.0,<10 (miss),<10 (miss),rul,rul,0.0,0.0,0,0,0,0.0,116,88.5,88.5,88.5,88.5,31.5,31.5,31.5,89.5,89.5,89.5,1.0,6,93.5,7.042553191489361,0.0,0.0,0.0,0.0,9652.170212765957,0.3925841442077,1.0,0.368954021867892,1,122,False,False,True,False,1.0,latch|TSO()|global|crit:q10@a0.1|S1=3.0|S2=off,4.747916666666667,N_oracle
1_5,7.666666666666667,0.0,0.7666666666666667,1,0,0.0,0,0.0,0.0,0.0,0,0,7.0,17.0,17.0,0.0,7.666666666666667,7.666666666666667,7.666666666666667,8.175,1,0.03333333333333333,0.0,-2.0,8.175,1,0.03333333333333333,0.0,-2.0,8.175,1,0.03333333333333333,0.0,-2.0,8.170833333333334,1,0.016666666666666666,0.0,-1.0,7.75,0,0.0,0.08333333333333333,5.0,7.666666666666667,0,0.0,0.0,0.0,34.0,0.0,0.5666666666666667,0.0,<10 (miss),10-60 (useful),rul,rul,0.0,0.0,0,0,0,0.0,34,26.444547978196113,26.444547978196113,27.173385211242262,27.173385211242262,30.5,31.5,31.5,79.44444444444444,79.8125,79.8125,1.0,18,37.42562588754744,5.405475813336067,1.0,1.0,0.8333333333333334,0.8333333333333334,160.5535243615567,0.3925841442077,1.0,0.36895402186789206,1,52,True,False,True,True,1.0,"latch|ET(min_samples_leaf=10,max_features=0.3)|global|crit:q50|S1=3.0|S2=4.0",4.84375,N_oracle
2_1,0.0,0.0,0.0,0,0,0.0,0,0.0,0.0,0.0,0,1,38.0,38.0,38.0,0.0,0.0,0.0,0.0,0.0,0,0.0,0.0,0.0,0.0,0,0.0,0.0,0.0,0.03333333333333333,0,0.0,0.03333333333333333,2.0,0.5083333333333333,1,0.03333333333333333,0.0,-2.0,0.15,0,0.0,0.15,9.0,0.0,0,0.0,0.0,0.0,452.0,0.0,7.5,0.0,10-60 (useful),10-60 (useful),rul,rul,0.0,0.0,0,0,0,0.0,452,6.152690152002519,6.152690152002519,6.152690152002519,6.152690152002519,20.0,20.0,20.0,60.46153846153846,60.46153846153846,60.46153846153846,0.5161290322580645,31,20.36212428310787,2.2116416131689554,1.0,1.0,1.0,1.0,88.14990945603452,0.4504545145780704,0.18981481481481483,0.2217182039843124,2,491,True,False,False,False,1.0,"latch|ET(min_samples_leaf=10,max_features=0.5)|global|crit:q50|S1=3.0|S2=4.0",5.34077380952381,N_oracle
2_2,5.416666666666667,0.0,0.0,0,1,0.8333333333333334,0,0.0,0.0,0.0,0,1,110.0,110.0,110.0,0.0,3.4166666666666665,5.416666666666667,10.416666666666666,5.933333333333334,1,0.06666666666666667,0.0,-4.0,5.920833333333333,1,0.016666666666666666,0.0,-1.0,5.920833333333333,1,0.016666666666666666,0.0,-1.0,5.945833333333334,1,0.11666666666666667,0.0,-7.0,5.933333333333334,0,0.0,0.5166666666666667,31.0,5.416666666666667,0,0.0,0.0,0.0,50.0,0.0,0.8333333333333334,0.0,>60 (early page),>60 (early page),rul,rul,0.8333333333333334,0.0,0,0,0,0.0,50,20.117117117117118,18.16393442622951,20.02803738317757,18.16393442622951,32.513513513513516,30.869158878504674,15.311475409836065,14.00900900900901,13.878504672897197,13.032786885245901,0.0,31,87.5,3.5974025974025947,1.0,1.0,1.0,1.0,3944.978705978707,0.44020319182674766,0.3333333333333333,0.23364338887662453,2,161,False,False,False,False,1.0,latch|TSO()|global|crit:q10@a0.1|S1=3.0|S2=off,4.95625,N_oracle
2_3,8.0,0.0,0.0,0,1,4.0,0,0.0,0.0,4.0,0,1,369.0,369.0,369.0,0.0,6.0,8.0,13.0,8.6,0,0.0,0.6,36.0,8.6,0,0.0,0.6,36.0,8.9,1,1.6,0.0,-96.0,9.158333333333333,1,2.6333333333333333,0.0,-158.0,8.716666666666667,1,0.8666666666666667,0.0,-52.0,8.0,0,0.0,0.0,0.0,163.0,0.0,2.1166666666666667,0.0,>60 (early page),>60 (early page),rul,rul,5.15,4.15,0,0,0,0.0,163,174.03513513513514,30.0,136.5,30.0,157.01351351351352,109.89416058394161,15.245901639344263,146.87027027027028,117.56934306569343,30.0,0.0,31,87.5,3.5974025974025947,1.0,1.0,0.36486486486486486,1.0,594.8314496314498,0.46401271563627144,0.0,0.2153078002721473,2,533,False,False,False,False,1.0,latch|TSO()|global|crit:q10@a0.1|S1=3.0|S2=off,4.771726190476191,N_oracle
2_4,8.0,0.0,0.8,1,0,0.0,0,0.0,0.0,0.0,0,0,6.0,11.0,11.0,0.0,8.0,8.0,8.0,8.0,0,0.0,0.0,0.0,8.0,0,0.0,0.0,0.0,8.033333333333333,0,0.0,0.03333333333333333,2.0,8.0,0,0.0,0.0,0.0,8.083333333333334,0,0.0,0.08333333333333333,5.0,8.0,0,0.0,0.0,0.0,30.0,0.0,0.4666666666666667,0.0,<10 (miss),10-60 (useful),rul,rul,0.0,0.0,0,0,0,0.0,30,13.404284140420195,13.404284140420195,13.404284140420195,13.404284140420195,33.5,33.5,33.5,85.16666666666667,85.16666666666667,85.16666666666667,1.0,12,29.047238073007854,3.1679078969394485,1.0,1.0,0.9166666666666666,0.9166666666666666,92.30417961405915,0.3925841442077,1.0,0.36895402186789206,2,42,False,True,True,True,1.0,"latch|ET(min_samples_leaf=10,max_features=0.3)|global|crit:q50|S1=3.0|S2=4.0",4.745535714285714,N_oracle
2_5,6.7125,0.0,0.0,0,1,2.6166666666666667,0,0.0,0.0,1.6166666666666667,0,1,217.0,217.0,217.0,0.0,4.7125,6.7125,11.7125,6.7125,0,0.0,0.0,0.0,6.7125,0,0.0,0.0,0.0,7.241666666666667,1,0.11666666666666667,0.0,-7.0,7.404166666666667,1,0.7666666666666667,0.0,-46.0,7.029166666666667,0,0.0,0.31666666666666665,19.0,6.7125,0,0.0,0.0,0.0,121.0,0.0,2.0166666666666666,0.0,>60 (early page),>60 (early page),rul,rul,2.6166666666666667,1.6166666666666667,0,0,0,0.0,121,66.76862373750554,13.849582566004592,63.053158769290164,13.849582566004592,82.76605504587155,79.40758293838863,15.245901639344263,77.19266055045871,75.67298578199052,30.0,0.4838709677419355,31,23.62210638351846,3.220977191551846,1.0,1.0,0.9403669724770642,0.9862385321100917,199.63298253167602,0.46401271563627144,0.0,0.21530780027214727,2,339,True,False,False,False,1.0,"latch|ET(min_samples_leaf=10,max_features=0.5)|global|crit:q50|S1=3.0|S2=4.0",4.408928571428571,N_oracle
3_1,5.9625,0.0,0.0,0,1,1.6166666666666667,0,0.0,0.0,0.6166666666666667,0,1,157.0,157.0,157.0,0.0,3.9625000000000004,5.9625,10.9625,6.583333333333334,1,0.48333333333333334,0.0,-29.0,5.995833333333334,0,0.0,0.03333333333333333,2.0,5.979166666666667,0,0.0,0.016666666666666666,1.0,6.591666666666667,1,0.5166666666666667,0.0,-31.0,6.2625,0,0.0,0.3,18.0,5.9625,0,0.0,0.0,0.0,2380.0,0.0,39.63333333333333,0.0,>60 (early page),>60 (early page),rul,rul,1.6166666666666667,0.6166666666666667,0,0,0,0.0,2380,53.99367088607595,30.0,50.507751937984494,30.0,53.778481012658226,40.689922480620154,15.262295081967213,45.09493670886076,42.48837209302326,29.65573770491803,0.0,31,87.5,3.5974025974025947,1.0,1.0,1.0,1.0,2803.8964326812434,0.46401271563627144,0.0,0.21530780027214735,3,2538,False,False,False,False,1.0,latch|TSO()|global|crit:q10@a0.1|S1=3.0|S2=off,4.917261904761905,N_oracle
3_2,8.0,0.0,0.0,0,1,4.0,0,0.0,0.0,4.0,0,1,1031.0,1031.0,1031.0,0.0,6.0,8.0,13.0,12.0,0,0.0,4.0,304.0,12.0,0,0.0,4.0,442.0,10.433333333333334,0,0.0,2.433333333333333,146.0,10.5,1,8.0,0.0,-963.0,11.233333333333334,0,0.0,3.2333333333333334,194.0,8.0,0,0.0,0.0,0.0,1464.0,0.0,17.033333333333335,0.0,>60 (early page),>60 (early page),rul,rul,16.183333333333334,15.183333333333334,0,0,0,0.0,1464,511.7480620155039,30.0,511.7480620155039,30.0,487.34302325581393,487.34302325581393,15.262295081967213,515.5,515.5,30.0,0.0,31,87.5,3.5974025974025947,1.0,1.0,0.09883720930232558,1.0,184.20313601127555,0.46401271563627144,0.0,0.21530780027214733,3,2496,True,False,False,False,1.0,latch|TSO()|global|crit:q10@a0.1|S1=3.0|S2=off,4.771726190476191,N_oracle
3_3,0.3333333333333333,0.0,0.03333333333333333,0,0,0.0,0,0.0,0.0,0.0,0,1,29.0,29.0,29.0,0.0,0.3333333333333333,0.3333333333333333,0.3333333333333333,0.8374999999999999,1,0.016666666666666666,0.0,-1.0,0.8374999999999999,1,0.016666666666666666,0.0,-1.0,0.36666666666666664,0,0.0,0.03333333333333333,2.0,0.8416666666666666,1,0.03333333333333333,0.0,-2.0,0.5,0,0.0,0.16666666666666666,10.0,0.3333333333333333,0,0.0,0.0,0.0,341.0,0.0,5.65,0.0,10-60 (useful),10-60 (useful),rul,rul,0.0,0.0,0,0,0,0.0,341,64.5,64.5,64.5,64.5,24.5,25.0,25.0,67.66666666666667,67.79310344827586,67.79310344827586,1.0,30,93.5,3.871134020618558,1.0,1.0,0.9,0.9,8395.876288659792,0.4437634944524708,0.2834890965732087,0.22881091131287465,3,371,True,False,True,False,1.0,latch|TSO()|global|crit:q10@a0.1|S1=3.0|S2=off,5.319345238095238,N_oracle
3_4,5.308333333333334,0.0,0.0,0,1,0.6166666666666667,0,0.0,0.0,0.0,0,1,97.0,97.0,97.0,0.0,3.3083333333333336,5.308333333333334,10.308333333333334,5.308333333333334,0,0.0,0.0,0.0,9.308333333333334,0,0.0,4.0,293.0,5.425,0,0.0,0.11666666666666667,7.0,5.825,1,0.06666666666666667,0.0,-4.0,5.608333333333333,0,0.0,0.3,18.0,5.308333333333334,0,0.0,0.0,0.0,1417.0,0.0,18.733333333333334,0.0,>60 (early page),>60 (early page),rul,rul,0.6166666666666667,0.0,0,0,0,0.0,1417,8.989795918367347,8.680327868852459,8.989795918367347,8.680327868852459,27.275510204081634,27.275510204081634,15.311475409836065,2.0714285714285716,2.0714285714285716,1.9508196721311475,0.0,31,87.5,3.5974025974025947,1.0,1.0,1.0,1.0,4453.83302411874,0.4628367262713057,0.0164638511095204,0.21544153639636268,3,1515,True,False,False,False,1.0,latch|TSO()|global|crit:q10@a0.1|S1=3.0|S2=off,4.963988095238095,N_oracle
3_5,5.25,0.0,0.0,0,1,0.5,0,0.0,0.0,0.0,0,1,90.0,90.0,90.0,0.0,3.25,5.25,10.25,5.775,1,0.1,0.0,-6.0,5.775,1,0.1,0.0,-6.0,5.25,0,0.0,0.0,0.0,5.95,1,0.8,0.0,-48.0,5.583333333333333,0,0.0,0.3333333333333333,20.0,5.25,0,0.0,0.0,0.0,23.0,0.0,0.38333333333333336,0.0,>60 (early page),>60 (early page),rul,rul,0.5,0.0,0,0,0,0.0,23,1.0,1.0,1.0,1.0,24.604395604395606,22.423529411764704,15.311475409836065,2.0,2.0,2.0,1.0,31,91.0,3.380952380952383,1.0,1.0,1.0,1.0,5167.662480376767,0.3925841442077,1.0,0.3689540218678921,3,114,True,True,False,False,1.0,latch|TSO()|global|crit:q10@a0.1|S1=3.0|S2=off,4.968154761904763,N_oracle
1_1,10.0,0.0,1.0,1,0,0.0,0,0.0,0.0,0.0,0,1,,40.0,48.0,0.0,10.0,10.0,10.0,10.504166666666666,1,0.016666666666666666,0.0,-1.0,10.05,0,0.0,0.05,3.0,10.466666666666667,0,0.0,0.4666666666666667,28.0,10.516666666666667,1,0.06666666666666667,0.0,-4.0,10.316666666666666,0,0.0,0.31666666666666665,19.0,10.0,0,0.0,0.0,0.0,74.0,0.0,0.7666666666666667,0.0,never,10-60 (useful),,severity,0.0,0.0,0,0,0,0.0,74,45.5,45.5,45.5,45.5,15.183673469387756,15.25,15.25,45.0,45.0,45.0,1.0,31,93.5,3.871134020618558,1.0,1.0,0.9591836734693877,0.9591836734693877,7398.86597938144,0.3925841442077,1.0,0.36895402186789217,1,123,False,False,False,False,1.0,latch|TSO()|global|crit:q50|S1=2.0|S2=off,6.428869047619047,D_oracle
1_2,5.075,0.0,0.0,0,1,0.15,0,0.0,0.0,0.0,0,1,69.0,104.0,129.0,0.0,3.075,5.075,10.075,5.654166666666667,1,0.31666666666666665,0.0,-19.0,5.629166666666666,1,0.21666666666666667,0.0,-13.0,5.6375,1,0.25,0.0,-15.0,5.6625000000000005,1,0.35,0.0,-21.0,5.541666666666667,0,0.0,0.4666666666666667,28.0,5.075,0,0.0,0.0,0.0,31.0,0.0,0.5166666666666667,0.0,>60 (early page),>60 (early page),rul,severity,0.15,0.0,0,0,0,0.0,31,34.715384615384615,27.040983606557376,33.554054054054056,27.040983606557376,41.13076923076923,32.93693693693694,15.262295081967213,29.5,28.63963963963964,24.24590163934426,0.0,31,87.5,3.5974025974025947,1.0,1.0,1.0,1.0,3384.335664335665,0.46401271563627144,0.0,0.21530780027214733,1,161,False,False,False,False,1.0,latch|TSO()|global|crit:q50|S1=2.0|S2=off,6.411309523809524,D_oracle
1_3,3.6666666666666665,0.0,0.36666666666666664,0,0,0.0,0,0.0,0.0,0.0,0,1,19.0,51.0,85.0,0.0,3.6666666666666665,3.6666666666666665,3.6666666666666665,4.245833333333333,1,0.31666666666666665,0.0,-19.0,4.245833333333333,1,0.31666666666666665,0.0,-19.0,4.2333333333333325,1,0.26666666666666666,0.0,-16.0,4.291666666666666,1,0.5,0.0,-30.0,4.1708333333333325,1,0.016666666666666666,0.0,-1.0,3.6666666666666665,0,0.0,0.0,0.0,72.0,0.0,1.2,0.0,10-60 (useful),10-60 (useful),rul,rul,0.0,0.0,0,0,0,0.0,72,8.5,8.5,8.5,8.5,22.77906976744186,16.761194029850746,15.311475409836065,11.883720930232558,12.0,12.0,1.0,31,93.5,3.5000000000000027,1.0,1.0,1.0,1.0,5457.483942414174,0.41593579255934837,0.6730769230769231,0.2861659397020814,1,158,False,False,False,False,1.0,latch|TSO()|global|crit:q50|S1=2.0|S2=off,6.809821428571429,D_oracle
1_4,10.0,0.0,1.0,1,0,0.0,0,0.0,0.0,0.0,0,0,,,5.0,0.0,10.0,10.0,10.0,10.566666666666666,0,0.0,0.5666666666666667,34.0,10.616666666666667,0,0.0,0.6166666666666667,37.0,10.15,0,0.0,0.15,9.0,10.0,0,0.0,0.0,0.0,11.166666666666666,0,0.0,1.1666666666666667,70.0,10.0,0,0.0,0.0,0.0,116.0,0.0,1.3166666666666667,0.0,never,never,,,0.0,0.0,0,0,0,0.0,116,88.5,88.5,88.5,88.5,31.5,31.5,31.5,89.5,89.5,89.5,1.0,6,93.5,7.042553191489361,0.0,0.0,0.0,0.0,9652.170212765957,0.3925841442077,1.0,0.368954021867892,1,122,False,False,True,False,1.0,latch|TSO()|global|crit:q50|S1=2.0|S2=off,6.428869047619047,D_oracle
1_5,10.0,0.0,1.0,1,0,0.0,0,0.0,0.0,0.0,0,0,,12.0,17.0,0.0,10.0,10.0,10.0,10.508333333333333,1,0.03333333333333333,0.0,-2.0,10.508333333333333,1,0.03333333333333333,0.0,-2.0,10.508333333333333,1,0.03333333333333333,0.0,-2.0,10.504166666666666,1,0.016666666666666666,0.0,-1.0,10.083333333333334,0,0.0,0.08333333333333333,5.0,10.0,0,0.0,0.0,0.0,34.0,0.0,0.5666666666666667,0.0,never,10-60 (useful),,severity,0.0,0.0,0,0,0,0.0,34,76.5,76.5,76.5,76.5,30.5,31.5,31.5,79.44444444444444,79.8125,79.8125,1.0,18,93.5,4.192307692307695,1.0,1.0,0.7777777777777778,0.7777777777777778,9025.274725274727,0.3925841442077,1.0,0.36895402186789206,1,52,True,False,True,True,1.0,latch|TSO()|global|crit:q50|S1=2.0|S2=off,6.428869047619047,D_oracle
2_1,10.0,0.0,1.0,1,0,0.0,0,0.0,0.0,0.0,0,1,,32.0,38.0,0.0,10.0,10.0,10.0,10.0,0,0.0,0.0,0.0,10.0,0,0.0,0.0,0.0,10.033333333333333,0,0.0,0.03333333333333333,2.0,10.508333333333333,1,0.03333333333333333,0.0,-2.0,10.15,0,0.0,0.15,9.0,10.0,0,0.0,0.0,0.0,452.0,0.0,7.5,0.0,never,10-60 (useful),,severity,0.0,0.0,0,0,0,0.0,452,55.5,55.5,55.5,55.5,20.0,20.0,20.0,60.46153846153846,60.46153846153846,60.46153846153846,1.0,31,93.5,3.871134020618558,1.0,1.0,0.9230769230769231,0.9230769230769231,7923.608247422679,0.4504545145780704,0.18981481481481483,0.2217182039843124,2,491,True,False,False,False,1.0,latch|TSO()|global|crit:q50|S1=2.0|S2=off,6.428869047619047,D_oracle
2_2,0.0,0.0,0.0,0,0,0.0,0,0.0,0.0,0.0,0,1,50.0,98.0,110.0,0.0,0.0,0.0,0.0,0.5166666666666667,1,0.06666666666666667,0.0,-4.0,0.5041666666666667,1,0.016666666666666666,0.0,-1.0,0.5041666666666667,1,0.016666666666666666,0.0,-1.0,0.5291666666666667,1,0.11666666666666667,0.0,-7.0,0.5166666666666667,0,0.0,0.5166666666666667,31.0,0.0,0,0.0,0.0,0.0,50.0,0.0,0.8333333333333334,0.0,10-60 (useful),>60 (early page),rul,severity,0.0,0.0,0,0,0,0.0,50,20.117117117117118,18.16393442622951,20.02803738317757,18.16393442622951,32.513513513513516,30.869158878504674,15.311475409836065,14.00900900900901,13.878504672897197,13.032786885245901,0.0,31,87.5,3.5974025974025947,1.0,1.0,1.0,1.0,3944.978705978707,0.44020319182674766,0.3333333333333333,0.23364338887662453,2,161,False,False,False,False,1.0,latch|TSO()|global|crit:q50|S1=2.0|S2=off,6.775595238095238,D_oracle
2_3,7.9125,0.0,0.0,0,1,4.0,0,0.0,0.0,3.65,0,1,309.0,339.0,369.0,0.0,5.9125,7.9125,12.9125,8.5125,0,0.0,0.6,36.0,8.5125,0,0.0,0.6,36.0,8.8125,1,1.6,0.0,-96.0,9.070833333333333,1,2.6333333333333333,0.0,-158.0,8.629166666666666,1,0.8666666666666667,0.0,-52.0,7.9125,0,0.0,0.0,0.0,163.0,0.0,2.1166666666666667,0.0,>60 (early page),>60 (early page),rul,rul,4.15,3.65,0,0,0,0.0,163,174.03513513513514,30.0,136.5,30.0,157.01351351351352,109.89416058394161,15.245901639344263,146.87027027027028,117.56934306569343,30.0,0.0,31,87.5,3.5974025974025947,1.0,1.0,0.36486486486486486,1.0,594.8314496314498,0.46401271563627144,0.0,0.2153078002721473,2,533,False,False,False,False,1.0,latch|TSO()|global|crit:q50|S1=2.0|S2=off,6.20952380952381,D_oracle
2_4,10.0,0.0,1.0,1,0,0.0,0,0.0,0.0,0.0,0,0,,7.0,11.0,0.0,10.0,10.0,10.0,10.0,0,0.0,0.0,0.0,10.0,0,0.0,0.0,0.0,10.033333333333333,0,0.0,0.03333333333333333,2.0,10.0,0,0.0,0.0,0.0,10.083333333333334,0,0.0,0.08333333333333333,5.0,10.0,0,0.0,0.0,0.0,30.0,0.0,0.4666666666666667,0.0,never,<10 (miss),,severity,0.0,0.0,0,0,0,0.0,30,82.5,82.5,82.5,82.5,33.5,33.5,33.5,85.16666666666667,85.16666666666667,85.16666666666667,1.0,12,93.5,4.785714285714284,1.0,1.0,0.5833333333333334,0.5833333333333334,9339.551020408164,0.3925841442077,1.0,0.36895402186789206,2,42,False,True,True,True,1.0,latch|TSO()|global|crit:q50|S1=2.0|S2=off,6.428869047619047,D_oracle
2_5,6.0875,0.0,0.0,0,1,1.6166666666666667,0,0.0,0.0,1.1166666666666667,0,1,157.0,187.0,217.0,0.0,4.0875,6.0875,11.0875,6.0875,0,0.0,0.0,0.0,6.0875,0,0.0,0.0,0.0,6.616666666666667,1,0.11666666666666667,0.0,-7.0,6.779166666666667,1,0.7666666666666667,0.0,-46.0,6.404166666666667,0,0.0,0.31666666666666665,19.0,6.0875,0,0.0,0.0,0.0,121.0,0.0,2.0166666666666666,0.0,>60 (early page),>60 (early page),rul,rul,1.6166666666666667,1.1166666666666667,0,0,0,0.0,121,90.73853211009174,30.0,89.45260663507109,30.0,82.76605504587155,79.40758293838863,15.245901639344263,77.19266055045871,75.67298578199052,30.0,0.0,31,87.5,3.5974025974025947,1.0,1.0,0.7798165137614679,1.0,1555.6221851542957,0.46401271563627144,0.0,0.21530780027214727,2,339,True,False,False,False,1.0,latch|TSO()|global|crit:q50|S1=2.0|S2=off,6.338095238095238,D_oracle
3_1,5.3375,0.0,0.0,0,1,0.6166666666666667,0,0.0,0.0,0.11666666666666667,0,1,97.0,127.0,157.0,0.0,3.3375000000000004,5.3375,10.3375,5.958333333333334,1,0.48333333333333334,0.0,-29.0,5.370833333333334,0,0.0,0.03333333333333333,2.0,5.354166666666667,0,0.0,0.016666666666666666,1.0,5.966666666666667,1,0.5166666666666667,0.0,-31.0,5.6375,0,0.0,0.3,18.0,5.3375,0,0.0,0.0,0.0,2380.0,0.0,39.63333333333333,0.0,>60 (early page),>60 (early page),rul,rul,0.6166666666666667,0.11666666666666667,0,0,0,0.0,2380,53.99367088607595,30.0,50.507751937984494,30.0,53.778481012658226,40.689922480620154,15.262295081967213,45.09493670886076,42.48837209302326,29.65573770491803,0.0,31,87.5,3.5974025974025947,1.0,1.0,1.0,1.0,2803.8964326812434,0.46401271563627144,0.0,0.21530780027214735,3,2538,False,False,False,False,1.0,latch|TSO()|global|crit:q50|S1=2.0|S2=off,6.391666666666667,D_oracle
3_2,8.0,0.0,0.0,0,1,4.0,0,0.0,0.0,4.0,0,1,971.0,1001.0,1031.0,0.0,6.0,8.0,13.0,12.0,0,0.0,4.0,304.0,12.0,0,0.0,4.0,442.0,10.433333333333334,0,0.0,2.433333333333333,146.0,10.5,1,8.0,0.0,-963.0,11.233333333333334,0,0.0,3.2333333333333334,194.0,8.0,0,0.0,0.0,0.0,1464.0,0.0,17.033333333333335,0.0,>60 (early page),>60 (early page),rul,rul,15.183333333333334,14.683333333333334,0,0,0,0.0,1464,511.7480620155039,30.0,511.7480620155039,30.0,487.34302325581393,487.34302325581393,15.262295081967213,515.5,515.5,30.0,0.0,31,87.5,3.5974025974025947,1.0,1.0,0.09883720930232558,1.0,184.20313601127555,0.46401271563627144,0.0,0.21530780027214733,3,2496,True,False,False,False,1.0,latch|TSO()|global|crit:q50|S1=2.0|S2=off,6.204166666666667,D_oracle
3_3,10.0,0.0,1.0,1,0,0.0,0,0.0,0.0,0.0,0,1,,23.0,29.0,0.0,10.0,10.0,10.0,10.504166666666666,1,0.016666666666666666,0.0,-1.0,10.504166666666666,1,0.016666666666666666,0.0,-1.0,10.033333333333333,0,0.0,0.03333333333333333,2.0,10.508333333333333,1,0.03333333333333333,0.0,-2.0,10.166666666666666,0,0.0,0.16666666666666666,10.0,10.0,0,0.0,0.0,0.0,341.0,0.0,5.65,0.0,never,10-60 (useful),,severity,0.0,0.0,0,0,0,0.0,341,64.5,64.5,64.5,64.5,24.5,25.0,25.0,67.66666666666667,67.79310344827586,67.79310344827586,1.0,30,93.5,3.871134020618558,1.0,1.0,0.9,0.9,8395.876288659792,0.4437634944524708,0.2834890965732087,0.22881091131287465,3,371,True,False,True,False,1.0,latch|TSO()|global|crit:q50|S1=2.0|S2=off,6.428869047619047,D_oracle
3_4,0.0,0.0,0.0,0,0,0.0,0,0.0,0.0,0.0,0,1,37.0,72.0,97.0,0.0,0.0,0.0,0.0,0.0,0,0.0,0.0,0.0,4.0,0,0.0,4.0,293.0,0.11666666666666667,0,0.0,0.11666666666666667,7.0,0.5166666666666667,1,0.06666666666666667,0.0,-4.0,0.3,0,0.0,0.3,18.0,0.0,0,0.0,0.0,0.0,1417.0,0.0,18.733333333333334,0.0,10-60 (useful),>60 (early page),rul,severity,0.0,0.0,0,0,0,0.0,1417,8.989795918367347,8.680327868852459,8.989795918367347,8.680327868852459,27.275510204081634,27.275510204081634,15.311475409836065,2.0714285714285716,2.0714285714285716,1.9508196721311475,0.0,31,87.5,3.5974025974025947,1.0,1.0,1.0,1.0,4453.83302411874,0.4628367262713057,0.0164638511095204,0.21544153639636268,3,1515,True,False,False,False,1.0,latch|TSO()|global|crit:q50|S1=2.0|S2=off,6.775595238095238,D_oracle
3_5,1.0,0.0,0.1,0,0,0.0,0,0.0,0.0,0.0,0,1,27.0,87.0,90.0,0.0,1.0,1.0,1.0,1.525,1,0.1,0.0,-6.0,1.525,1,0.1,0.0,-6.0,1.0,0,0.0,0.0,0.0,1.7,1,0.8,0.0,-48.0,1.3333333333333333,0,0.0,0.3333333333333333,20.0,1.0,0,0.0,0.0,0.0,23.0,0.0,0.38333333333333336,0.0,10-60 (useful),>60 (early page),rul,severity,0.0,0.0,0,0,0,0.0,23,1.0,1.0,1.0,1.0,24.604395604395606,22.423529411764704,15.311475409836065,2.0,2.0,2.0,1.0,31,91.0,3.380952380952383,1.0,1.0,1.0,1.0,5167.662480376767,0.3925841442077,1.0,0.3689540218678921,3,114,True,True,False,False,1.0,latch|TSO()|global|crit:q50|S1=2.0|S2=off,6.942261904761905,D_oracle
