bearing,C,C1,LC,MC,EP,ECh,FD,FDh,LD,EFh,MO,MO_scorable,crit_lead,faulty_lead,det_lead,delay,C_w3,C_w5,C_w10,C_env,FD_env,FDh_env,LD_env,delay_env,C_hf,FD_hf,FDh_hf,LD_hf,delay_hf,C_twophase,FD_twophase,FDh_twophase,LD_twophase,delay_twophase,C_v2x,FD_v2x,FDh_v2x,LD_v2x,delay_v2x,C_hinge,FD_hinge,FDh_hinge,LD_hinge,delay_hinge,C_on,FD_on,FDh_on,LD_on,delay_on,t_det_row,O1_delay_min,pre_onset_hours,FDh_uncapped,crit_bin,faulty_bin,crit_reason,faulty_reason,ECh_uncapped,EFh_uncapped,demotions,demotions_within_episode,escalated_to_healthy,demotion_fraction,fpt_row,P1_mae_own,P1_mae_own_le60,P1_mae_common,P1_mae_common_le60,P1_const_mae_own,P1_const_mae_common,P1_const_mae_common_le60,P1_tso_mae_own,P1_tso_mae_common,P1_tso_mae_common_le60,P3_late_rate,n_rul_le30,q50_at_onset,q10_at_onset,P2a_cover_at_fpt,P2b_cover_first_le60,P2_row_coverage,P2_row_lower_coverage,P2_mean_width,condition,life_min,baseline_contaminated,short_healthy,abrupt,short_life
1_1,10.679166666666667,0.6791666666666666,1.0,1,0,0.0,1,0.31666666666666665,0.1,0.0,0,1,0.0,41.0,41.0,6,10.679166666666667,10.679166666666667,10.679166666666667,10.679166666666667,1,0.31666666666666665,0.1,6,10.745833333333334,1,0.31666666666666665,0.16666666666666666,10,11.162500000000001,1,0.31666666666666665,0.5833333333333334,35,10.629166666666668,1,0.31666666666666665,0.05,3,11.012500000000001,1,0.31666666666666665,0.43333333333333335,26,10.695833333333335,1,0.31666666666666665,0.11666666666666667,7,81,6,0.7666666666666667,0.31666666666666665,<10 (miss),10-60 (useful),rul,rul,0.0,0.0,0,0,0,0.0,2,33.21059328649492,32.33141609977324,29.198370039682544,29.198370039682544,34.52459016393443,15.25,15.25,36.59016393442623,45.0,45.0,1.0,31,79.19642857142854,16.431809523809505,1,1,1.0,1.0,112.8932451209992,1,123,False,False,False,False
1_2,0.6208333333333333,0.6208333333333333,0.0,0,0,0.0,1,0.48333333333333334,0.0,0.0,0,1,57.0,117.0,158.0,-29,0.6208333333333333,0.6208333333333333,0.6208333333333333,0.7,1,0.8,0.0,-48,0.675,1,0.7,0.0,-42,0.6833333333333333,1,0.7333333333333333,0.0,-44,0.7083333333333334,1,0.8333333333333334,0.0,-50,0.5041666666666667,1,0.016666666666666666,0.0,-1,0.6208333333333333,1,0.48333333333333334,0.0,-29,2,-29,0.5166666666666667,0.48333333333333334,10-60 (useful),>60 (early page),rul,rul,0.0,0.0,7,7,0,0.0440251572327044,2,37.9666645702306,11.727299765807961,28.43270870870871,11.727299765807961,54.23899371069182,32.93693693693694,15.262295081967213,33.78616352201258,28.63963963963964,24.24590163934426,0.967741935483871,31,77.27114285714286,14.506523809523827,1,1,0.7610062893081762,1.0,99.16607517220723,1,161,False,False,False,False
1_3,7.875,0.5416666666666666,0.7333333333333333,1,0,0.0,1,0.16666666666666666,0.0,0.0,0,1,8.0,13.0,95.0,-10,7.875,7.875,7.875,7.954166666666667,1,0.48333333333333334,0.0,-29,7.954166666666667,1,0.48333333333333334,0.0,-29,7.941666666666666,1,0.43333333333333335,0.0,-26,8.0,1,0.6666666666666666,0.0,-40,7.879166666666666,1,0.18333333333333332,0.0,-11,7.875,1,0.16666666666666666,0.0,-10,62,-10,1.2,0.16666666666666666,<10 (miss),10-60 (useful),rul,rul,0.0,0.0,0,0,0,0.0,62,26.451185019841272,33.415490241998434,32.07008315565032,33.415490241998434,26.5,16.761194029850746,15.311475409836065,10.96875,12.0,12.0,1.0,31,73.16352380952381,10.398904761904774,1,1,1.0,1.0,104.78562202380952,1,158,False,False,False,False
1_4,10.504166666666666,0.5041666666666667,1.0,1,0,0.0,1,0.016666666666666666,0.0,0.0,0,0,,0.0,38.0,0,10.504166666666666,10.504166666666666,10.504166666666666,10.520833333333334,1,0.016666666666666666,0.016666666666666666,1,10.570833333333333,1,0.016666666666666666,0.06666666666666667,4,11.104166666666666,2,0.4166666666666667,0.0,-24,10.504166666666666,1,0.016666666666666666,0.0,0,10.283333333333333,0,0.0,0.2833333333333333,17,11.141666666666667,2,0.5666666666666667,0.0,-33,83,0,1.3166666666666667,0.016666666666666666,never,<10 (miss),,rul,0.0,0.0,0,0,0,0.0,63,60.43865714285712,60.43865714285712,79.6777619047619,79.6777619047619,15.725,31.5,31.5,72.025,89.5,89.5,1.0,31,85.09490476190477,22.330285714285736,1,1,0.525,0.525,101.83119523809523,1,122,False,False,True,False
1_5,8.366666666666667,0.03333333333333333,0.8333333333333334,1,0,0.0,0,0.0,0.03333333333333333,0.0,0,0,5.0,11.0,13.0,2,8.366666666666667,8.366666666666667,8.366666666666667,8.366666666666667,0,0.0,0.03333333333333333,2,8.366666666666667,0,0.0,0.03333333333333333,2,8.366666666666667,0,0.0,0.03333333333333333,2,8.383333333333335,0,0.0,0.05,3,8.483333333333334,0,0.0,0.15,9,8.4,0,0.0,0.06666666666666667,4,38,2,0.5666666666666667,0.0,<10 (miss),10-60 (useful),rul,rul,0.0,0.0,2,2,0,0.14285714285714285,38,34.06387074829932,34.06387074829932,39.02252380952382,39.02252380952382,32.5,31.5,31.5,80.0,79.8125,79.8125,1.0,31,90.27804761904764,27.513428571428605,0,0,0.9285714285714286,0.9285714285714286,96.55165986394556,1,52,True,False,True,True
2_1,8.083333333333334,0.08333333333333333,0.8,1,0,0.0,0,0.0,0.08333333333333333,0.0,0,1,6.0,25.0,33.0,5,8.083333333333334,8.083333333333334,8.083333333333334,8.083333333333334,0,0.0,0.08333333333333333,5,8.083333333333334,0,0.0,0.08333333333333333,5,8.116666666666667,0,0.0,0.11666666666666667,7,8.05,0,0.0,0.05,3,8.233333333333333,0,0.0,0.23333333333333334,14,8.083333333333334,0,0.0,0.08333333333333333,5,457,5,7.5,0.0,<10 (miss),10-60 (useful),rul,rul,0.0,0.0,0,0,0,0.0,457,28.505400560224103,28.505400560224103,28.96827838827839,28.96827838827839,22.5,20.0,20.0,60.970588235294116,60.46153846153846,60.46153846153846,1.0,31,68.88400000000003,6.119380952380993,1,1,1.0,1.0,105.24811064425771,2,491,True,False,False,False
2_2,10.033333333333333,0.03333333333333333,1.0,1,0,0.0,0,0.0,0.03333333333333333,0.0,0,1,0.0,102.0,104.0,2,10.033333333333333,10.033333333333333,10.033333333333333,10.033333333333333,0,0.0,0.03333333333333333,2,10.083333333333334,0,0.0,0.08333333333333333,5,10.083333333333334,0,0.0,0.08333333333333333,5,10.504166666666666,1,0.016666666666666666,0.0,-1,10.616666666666667,0,0.0,0.6166666666666667,37,10.1,0,0.0,0.1,6,56,2,0.8333333333333334,0.0,<10 (miss),>60 (early page),rul,rul,0.0,0.0,3,2,1,0.036585365853658534,56,33.00110452961673,30.23903911564626,28.15124833110815,28.43285636221702,28.670731707317074,30.869158878504674,15.311475409836065,13.536585365853659,13.878504672897197,13.032786885245901,1.0,31,60.04952380952378,0.0,1,1,1.0,1.0,114.62887688734031,2,161,False,False,False,False
2_3,6.699999999999999,0.0,0.0,0,1,1.5166666666666666,0,0.0,0.0,3.7666666666666666,0,1,151.0,402.0,402.0,0,4.7,6.699999999999999,11.7,6.749999999999999,0,0.0,0.05,3,6.749999999999999,0,0.0,0.05,3,7.737499999999999,1,2.15,0.0,-129,7.995833333333333,1,3.183333333333333,0.0,-191,7.554166666666666,1,1.4166666666666667,0.0,-85,7.3374999999999995,1,0.55,0.0,-33,130,0,2.1166666666666667,0.0,>60 (early page),>60 (early page),rul,rul,1.5166666666666666,3.7666666666666666,3,3,0,0.007444168734491315,130,162.79631430934657,17.866257611241213,102.665643030935,17.866257611241213,173.30769230769232,109.89416058394161,15.245901639344263,159.0,117.56934306569343,30.0,0.2903225806451613,31,47.79342857142856,0.0,1,1,0.20843672456575682,1.0,99.30629114971049,2,533,False,False,False,False
2_4,8.733333333333334,0.06666666666666667,0.8666666666666667,1,0,0.0,0,0.0,0.06666666666666667,0.0,0,0,4.0,7.0,7.0,4,8.733333333333334,8.733333333333334,8.733333333333334,8.733333333333334,0,0.0,0.06666666666666667,4,8.733333333333334,0,0.0,0.06666666666666667,4,8.766666666666667,0,0.0,0.1,6,8.733333333333334,0,0.0,0.06666666666666667,4,8.816666666666668,0,0.0,0.15,9,8.733333333333334,0,0.0,0.06666666666666667,4,34,4,0.4666666666666667,0.0,<10 (miss),<10 (miss),rul,rul,0.0,0.0,1,0,1,0.16666666666666666,34,31.25499206349207,31.25499206349207,40.99423412698413,40.99423412698413,34.5,33.5,33.5,86.0,85.16666666666667,85.16666666666667,1.0,31,51.8104285714286,0.0,1,1,1.0,1.0,98.5196111111111,2,42,False,True,True,True
2_5,6.1625000000000005,0.5166666666666667,0.0,0,1,0.8,0,0.0,0.5166666666666667,0.9833333333333333,0,1,144.0,179.0,179.0,31,4.1625,6.1625000000000005,11.162500000000001,6.279166666666667,0,0.0,0.6333333333333333,38,6.279166666666667,0,0.0,0.6333333333333333,38,6.1625000000000005,0,0.0,0.5166666666666667,31,6.179166666666667,1,0.13333333333333333,0.0,-8,6.595833333333334,0,0.0,0.95,57,6.279166666666667,0,0.0,0.6333333333333333,38,159,31,2.0166666666666666,0.0,>60 (early page),>60 (early page),rul,rul,0.8,0.9833333333333333,3,3,0,0.016666666666666666,159,64.61708544973546,20.799501170960184,75.96625186188218,20.799501170960184,64.66666666666667,79.40758293838863,15.245901639344263,70.59444444444445,75.67298578199052,30.0,0.5161290322580645,31,52.79433333333336,0.0,1,1,0.45555555555555555,1.0,88.40259550264551,2,339,True,False,False,False
3_1,5.333333333333333,0.0,0.5333333333333333,0,0,0.0,0,0.0,0.0,0.0,0,1,14.0,73.0,140.0,0,5.333333333333333,5.333333333333333,5.333333333333333,5.883333333333333,1,0.2,0.0,-12,5.6499999999999995,0,0.0,0.31666666666666665,19,5.633333333333333,0,0.0,0.3,18,5.891666666666667,1,0.23333333333333334,0.0,-14,5.916666666666666,0,0.0,0.5833333333333334,35,5.616666666666666,0,0.0,0.2833333333333333,17,2397,0,39.63333333333333,0.0,10-60 (useful),>60 (early page),rul,rul,0.0,0.0,2,1,1,0.014388489208633094,2397,22.563372045220955,10.277139628732849,18.88811295681062,10.089540983606557,46.2589928057554,40.689922480620154,15.262295081967213,44.0863309352518,42.48837209302326,29.65573770491803,1.0,31,75.68128571428572,12.916666666666686,1,1,0.8561151079136691,1.0,108.83956457690988,3,2538,False,False,False,False
3_2,14.004166666666666,4.0,1.0,1,0,0.0,0,0.0,4.0,0.016666666666666666,0,1,0.0,220.0,220.0,811,14.004166666666666,14.004166666666666,14.004166666666666,14.004166666666666,0,0.0,4.0,1115,14.004166666666666,0,0.0,4.0,1253,14.004166666666666,0,0.0,4.0,957,11.208333333333332,1,0.016666666666666666,0.7,42,14.004166666666666,0,0.0,4.0,1005,14.004166666666666,0,0.0,4.0,811,2275,811,17.033333333333335,0.0,<10 (miss),>60 (early page),rul,rul,0.0,0.016666666666666666,2,1,1,0.07142857142857142,2275,38.01600510204081,33.03409876543209,468.1756043743078,23.285346604215462,22.25,487.34302325581393,15.262295081967213,20.392857142857142,515.5,30.0,1.0,31,47.47252380952381,0.0,1,1,0.9642857142857143,1.0,107.4100102040816,3,2496,True,False,False,False
3_3,3.383333333333333,0.05,0.3333333333333333,0,0,0.0,0,0.0,0.05,0.0,0,1,20.0,25.0,25.0,3,3.383333333333333,3.383333333333333,3.383333333333333,3.383333333333333,0,0.0,0.05,3,3.383333333333333,0,0.0,0.05,3,3.433333333333333,0,0.0,0.1,6,3.3666666666666663,0,0.0,0.03333333333333333,2,3.5666666666666664,0,0.0,0.23333333333333334,14,3.4,0,0.0,0.06666666666666667,4,345,3,5.65,0.0,10-60 (useful),10-60 (useful),rul,rul,0.0,0.0,0,0,0,0.0,345,8.684838827838826,8.684838827838826,10.986484400656813,10.986484400656813,26.5,25.0,25.0,68.0,67.79310344827586,67.79310344827586,0.9354838709677419,31,40.24761904761903,0.0,1,1,1.0,1.0,83.48852014652013,3,371,True,False,True,False
3_4,0.1,0.1,0.0,0,0,0.0,0,0.0,0.1,0.0,0,1,59.0,91.0,91.0,6,0.1,0.1,0.1,0.1,0,0.0,0.1,6,4.0,0,0.0,4.0,299,0.21666666666666667,0,0.0,0.21666666666666667,13,0.03333333333333333,0,0.0,0.03333333333333333,2,0.4,0,0.0,0.4,24,0.1,0,0.0,0.1,6,1423,6,18.733333333333334,0.0,10-60 (useful),>60 (early page),rul,rul,0.0,0.0,2,2,0,0.021739130434782608,1423,19.91374534161491,13.649508977361437,21.712723032069974,13.649508977361437,24.97826086956522,27.275510204081634,15.311475409836065,1.9673913043478262,2.0714285714285716,1.9508196721311475,0.8709677419354839,31,45.18871428571428,0.0,1,1,1.0,1.0,93.05726708074532,3,1515,True,False,False,False
3_5,0.525,0.525,0.0,0,0,0.0,1,0.1,0.0,0.0,0,1,38.0,101.0,86.0,0,0.525,0.525,0.525,1.0333333333333334,2,0.13333333333333333,0.0,-2,1.0333333333333334,2,0.13333333333333333,0.0,-2,0.5916666666666667,1,0.1,0.06666666666666667,4,1.2083333333333333,2,0.8333333333333334,0.0,-44,0.11666666666666667,0,0.0,0.11666666666666667,7,0.5916666666666667,1,0.1,0.06666666666666667,4,27,0,0.38333333333333336,0.1,10-60 (useful),>60 (early page),rul,rul,0.0,0.0,6,5,1,0.06451612903225806,10,14.961868919610858,9.705072599531615,12.753097478991597,9.705072599531615,26.06451612903226,22.423529411764704,15.311475409836065,2.3548387096774195,2.0,2.0,1.0,31,61.53652380952382,0.0,1,1,1.0,1.0,106.06498054275477,3,114,True,True,False,False
