b,GT_on_RUL,E_alarmRUL,NE_alarmRUL,ALL_alarmRUL,HEUR_alarmRUL
1_1,76,59.0,43.0,45.0,46.0
1_2,114,111.0,101.0,111.0,123.0
1_3,69,77.0,81.0,78.0,79.0
1_4,14,8.0,-1.0,-1.0,-1.0
1_5,15,10.0,9.0,10.0,11.0
2_1,40,31.0,32.0,31.0,30.0
2_2,109,103.0,107.0,102.0,104.0
2_3,273,356.0,358.0,354.0,260.0
2_4,13,6.0,7.0,6.0,5.0
2_5,210,189.0,205.0,184.0,186.0
3_1,158,135.0,141.0,137.0,143.0
3_2,1177,2320.0,1255.0,1462.0,1258.0
3_3,31,23.0,24.0,23.0,23.0
3_4,104,90.0,1255.0,90.0,91.0
3_5,90,101.0,101.0,101.0,101.0
