bearing,cond,life,knee_RUL,GT0.15,heur0.15,GT0.3,heur0.3,GT0.6,heur0.6
1_1,1,123,122,94,89,76,46,53,40
1_2,1,161,148,125,123,114,123,102,115
1_3,1,158,157,91,93,69,79,48,60
1_4,1,122,78,42,34,14,-1,0,-1
1_5,1,52,19,17,11,15,11,13,10
2_1,2,491,45,42,32,40,30,37,30
2_2,2,161,134,120,108,109,104,90,101
2_3,2,533,309,289,395,273,260,245,212
2_4,2,42,15,14,5,13,5,11,5
2_5,2,339,238,223,204,210,186,189,168
3_1,3,2538,203,182,185,158,143,111,131
3_2,3,2496,1643,1384,2407,1177,1258,843,576
3_3,3,371,35,32,23,31,23,28,21
3_4,3,1515,116,109,91,104,91,95,87
3_5,3,114,113,100,97,90,96,73,95
