bearing,cond,life,rul_on_energy,rul_on_impulse,rul_on_spectral,rul_on_fused,onset_frac,rmsratio_at_on,rmsratio_last30_med,n_pre20_overlap
Bearing1_1,1,123,47,0,0,0,0.992,11.05,5.24,0
Bearing1_2,1,161,116,0,0,0,0.994,19.47,8.83,0
Bearing1_3,1,158,69,33,0,33,0.785,3.38,5.05,0
Bearing1_4,1,122,3,0,19,3,0.967,1.28,1.23,0
Bearing1_5,1,52,17,0,0,0,0.981,14.43,2.32,0
Bearing2_1,2,491,38,37,0,38,0.921,1.24,6.98,0
Bearing2_2,2,161,109,0,0,0,0.994,15.23,9.38,0
Bearing2_3,2,533,199,0,0,0,0.998,11.48,10.48,0
Bearing2_4,2,42,11,0,0,0,0.976,16.29,1.13,0
Bearing2_5,2,339,145,0,0,0,0.997,10.15,8.34,0
Bearing3_1,3,2538,166,7,0,166,0.934,1.18,8.84,0
Bearing3_2,3,2496,124,0,0,124,0.95,1.91,4.34,0
Bearing3_3,3,371,28,30,0,30,0.916,0.93,6.69,0
Bearing3_4,3,1515,97,21,0,97,0.935,1.37,9.14,0
Bearing3_5,3,114,55,0,0,0,0.991,6.39,5.22,0
