bearing,life,E,ENV,HF,KU,RUL_on,frac,rms@on
1_1,123,68.0 [66.0-72.0],120.0 [70.0-120.0],120.0 [116.0-120.0],120.0 [104.0-120.0],120,0.02,0.94
1_2,161,152.0 [151.0-158.0],139.0 [135.0-144.0],148.0 [143.0-155.0],56.0 [2.0-158.0],148,0.07,1.02
1_3,158,111.0 [108.0-115.0],155.0 [129.0-155.0],155.0 [143.0-155.0],131.0 [119.0-150.0],155,0.01,1.0
1_4,122,76.0 [68.0-86.0],78.0 [72.0-84.0],86.0 [82.0-92.0],2.0 [2.0-2.0],78,0.35,1.01
1_5,52,21.0 [21.0-21.0],18.0 [18.0-18.0],19.0 [19.0-19.0],16.0 [15.0-22.0],19,0.62,1.09
2_1,491,45.0 [45.0-46.0],44.0 [44.0-44.0],45.0 [44.0-45.0],67.0 [63.0-72.0],45,0.91,0.88
2_2,161,143.0 [136.0-155.0],129.0 [126.0-132.0],134.0 [130.0-138.0],4.0 [2.0-158.0],134,0.16,0.97
2_3,533,309.0 [301.0-316.0],294.0 [288.0-302.0],471.0 [462.0-483.0],530.0 [492.0-530.0],309,0.42,1.24
2_4,42,16.0 [15.0-16.0],15.0 [15.0-16.0],15.0 [15.0-16.0],39.0 [2.0-39.0],15,0.62,1.13
2_5,339,238.0 [235.0-242.0],238.0 [235.0-242.0],249.0 [246.0-253.0],336.0 [2.0-336.0],238,0.29,0.82
3_1,2538,203.0 [203.0-209.0],185.0 [173.0-215.0],2525.0 [617.0-2525.0],17.0 [17.0-17.0],203,0.92,1.03
3_2,2496,1283.0 [1187.0-1409.0],1643.0 [1589.0-1721.0],1649.0 [1589.0-1733.0],2483.0 [17.0-2483.0],1643,0.34,1.12
3_3,371,39.0 [38.0-40.0],35.0 [35.0-36.0],35.0 [34.0-36.0],59.0 [54.0-65.0],35,0.9,0.81
3_4,1515,116.0 [116.0-116.0],113.0 [113.0-116.0],125.0 [122.0-131.0],137.0 [131.0-143.0],116,0.92,1.03
3_5,114,111.0 [109.0-111.0],111.0 [109.0-111.0],111.0 [109.0-111.0],7.0 [2.0-111.0],111,0.02,0.43
