bearing,life,E_energy,E_impulse,E_spectral,RUL_fused,frac,spread,rms@on
1_1,123,116,115,44,115,0.057,72,0.98
1_2,161,129,0,5,5,0.963,129,11.69
1_3,158,149,137,42,137,0.127,107,1.05
1_4,122,71,77,0,71,0.41,77,1.03
1_5,52,17,0,0,0,0.981,17,14.43
2_1,491,38,0,470,38,0.921,470,1.24
2_2,161,114,125,142,125,0.217,28,0.98
2_3,533,436,410,230,410,0.229,206,1.06
2_4,42,0,0,11,0,0.976,11,16.29
2_5,339,214,0,303,214,0.366,303,1.15
3_1,2538,159,106,157,157,0.938,53,1.26
3_2,2496,572,0,0,0,1.0,572,6.61
3_3,371,29,33,29,29,0.919,4,1.32
3_4,1515,341,380,122,341,0.774,258,0.99
3_5,114,107,0,107,107,0.053,107,0.73
