bearing,k,eligible_row,gt_early_row,early_before_eligible,best_det_rul,best_crit_rul,MC_unavoidable,LC_floor
1_1,3,22,46,False,43,43,False,0.0
1_2,3,22,31,False,106,106,False,0.0
1_3,3,22,72,False,62,62,False,0.0
1_4,3,22,79,False,1,1,True,0.9666666666666667
1_5,3,22,34,False,11,11,False,0.6333333333333333
2_1,3,22,450,False,34,34,False,0.0
2_2,3,22,50,False,102,102,False,0.0
2_3,3,22,127,False,269,269,False,0.0
2_4,3,22,28,False,7,7,True,0.7666666666666667
2_5,3,22,121,False,206,206,False,0.0
3_1,3,22,2378,False,124,124,False,0.0
3_2,3,22,1022,False,1027,1027,False,0.0
3_3,3,22,339,False,24,24,False,0.2
3_4,3,22,1124,False,93,93,False,0.0
3_5,3,22,23,False,80,80,False,0.0
1_1,5,24,46,False,41,41,False,0.0
1_2,5,24,31,False,104,104,False,0.0
1_3,5,24,72,False,60,60,False,0.0
1_4,5,24,79,False,-1,-1,True,1.0
1_5,5,24,34,False,9,9,True,0.7
2_1,5,24,450,False,32,32,False,0.0
2_2,5,24,50,False,100,100,False,0.0
2_3,5,24,127,False,267,267,False,0.0
2_4,5,24,28,False,5,5,True,0.8333333333333334
2_5,5,24,121,False,204,204,False,0.0
3_1,5,24,2378,False,122,122,False,0.0
3_2,5,24,1022,False,1025,1025,False,0.0
3_3,5,24,339,False,22,22,False,0.26666666666666666
3_4,5,24,1124,False,91,91,False,0.0
3_5,5,24,23,True,78,78,False,0.0
