bearing,C,C1,LC,MC,EP,ECh,FD,FDh,LD,EFh,MO,MO_scorable,crit_lead,faulty_lead,det_lead,delay,model,crit_bin,faulty_bin
1_1,10.679166666666667,0.6791666666666666,1.0,1,0,0.0,1,0.31666666666666665,0.1,0.0,0,1,0.0,41.0,41.0,6.0,R0,<10 (miss),10-60 (useful)
1_2,0.6208333333333333,0.6208333333333333,0.0,0,0,0.0,1,0.48333333333333334,0.0,0.0,0,1,57.0,117.0,158.0,-29.0,R0,10-60 (useful),>60 (early page)
1_3,7.875,0.5416666666666666,0.7333333333333333,1,0,0.0,1,0.16666666666666666,0.0,0.0,0,1,8.0,13.0,95.0,-10.0,R0,<10 (miss),10-60 (useful)
1_4,10.504166666666666,0.5041666666666667,1.0,1,0,0.0,1,0.016666666666666666,0.0,0.0,0,0,,0.0,38.0,0.0,R0,never,<10 (miss)
1_5,8.366666666666667,0.03333333333333333,0.8333333333333334,1,0,0.0,0,0.0,0.03333333333333333,0.0,0,0,5.0,11.0,13.0,2.0,R0,<10 (miss),10-60 (useful)
2_1,8.083333333333334,0.08333333333333333,0.8,1,0,0.0,0,0.0,0.08333333333333333,0.0,0,1,6.0,25.0,33.0,5.0,R0,<10 (miss),10-60 (useful)
2_2,10.033333333333333,0.03333333333333333,1.0,1,0,0.0,0,0.0,0.03333333333333333,0.0,0,1,0.0,102.0,104.0,2.0,R0,<10 (miss),>60 (early page)
2_3,6.699999999999999,0.0,0.0,0,1,1.5166666666666666,0,0.0,0.0,3.7666666666666666,0,1,151.0,402.0,402.0,0.0,R0,>60 (early page),>60 (early page)
2_4,8.733333333333334,0.06666666666666667,0.8666666666666667,1,0,0.0,0,0.0,0.06666666666666667,0.0,0,0,4.0,7.0,7.0,4.0,R0,<10 (miss),<10 (miss)
2_5,6.1625000000000005,0.5166666666666667,0.0,0,1,0.8,0,0.0,0.5166666666666667,0.9833333333333333,0,1,144.0,179.0,179.0,31.0,R0,>60 (early page),>60 (early page)
3_1,5.333333333333333,0.0,0.5333333333333333,0,0,0.0,0,0.0,0.0,0.0,0,1,14.0,73.0,140.0,0.0,R0,10-60 (useful),>60 (early page)
3_2,14.004166666666666,4.0,1.0,1,0,0.0,0,0.0,4.0,0.016666666666666666,0,1,0.0,220.0,220.0,811.0,R0,<10 (miss),>60 (early page)
3_3,3.383333333333333,0.05,0.3333333333333333,0,0,0.0,0,0.0,0.05,0.0,0,1,20.0,25.0,25.0,3.0,R0,10-60 (useful),10-60 (useful)
3_4,0.1,0.1,0.0,0,0,0.0,0,0.0,0.1,0.0,0,1,59.0,91.0,91.0,6.0,R0,10-60 (useful),>60 (early page)
3_5,0.525,0.525,0.0,0,0,0.0,1,0.1,0.0,0.0,0,1,38.0,101.0,86.0,0.0,R0,10-60 (useful),>60 (early page)
1_1,10.683333333333334,0.6833333333333333,1.0,1,0,0.0,1,0.7333333333333333,0.0,0.0,0,1,,39.0,120.0,-44.0,R1,never,10-60 (useful)
1_2,10.620833333333334,0.6208333333333333,1.0,1,0,0.0,1,0.48333333333333334,0.0,0.0,0,1,,102.0,158.0,-29.0,R1,never,>60 (early page)
1_3,10.791666666666666,0.7916666666666667,1.0,1,0,0.0,1,1.1666666666666667,0.0,0.0,0,1,,35.0,155.0,-70.0,R1,never,10-60 (useful)
1_4,10.0,0.0,1.0,1,0,0.0,0,0.0,0.0,0.0,0,0,,0.0,38.0,0.0,R1,never,<10 (miss)
1_5,10.633333333333333,0.6333333333333333,1.0,1,0,0.0,1,0.5333333333333333,0.0,0.0,0,0,,11.0,49.0,-32.0,R1,never,10-60 (useful)
2_1,10.083333333333334,0.08333333333333333,1.0,1,0,0.0,0,0.0,0.08333333333333333,0.0,0,1,,26.0,33.0,5.0,R1,never,10-60 (useful)
2_2,10.033333333333333,0.03333333333333333,1.0,1,0,0.0,0,0.0,0.03333333333333333,0.0,0,1,,97.0,104.0,2.0,R1,never,>60 (early page)
2_3,10.320833333333333,0.0,1.0,1,0,0.0,0,0.0,0.0,1.2833333333333334,0,1,,197.0,401.0,0.0,R1,never,>60 (early page)
2_4,10.066666666666666,0.06666666666666667,1.0,1,0,0.0,0,0.0,0.06666666666666667,0.0,0,0,,7.0,7.0,4.0,R1,never,<10 (miss)
2_5,10.658333333333333,0.55,1.0,1,0,0.0,0,0.0,0.55,0.43333333333333335,0,1,,146.0,177.0,33.0,R1,never,>60 (early page)
3_1,10.0,0.0,1.0,1,0,0.0,0,0.0,0.0,0.0,0,1,,79.0,136.0,0.0,R1,never,>60 (early page)
3_2,14.0,4.0,1.0,1,0,0.0,0,0.0,4.0,0.0,0,1,,16.0,20.0,1011.0,R1,never,10-60 (useful)
3_3,10.083333333333334,0.08333333333333333,1.0,1,0,0.0,0,0.0,0.08333333333333333,0.0,0,1,,23.0,23.0,5.0,R1,never,10-60 (useful)
3_4,10.083333333333334,0.08333333333333333,1.0,1,0,0.0,0,0.0,0.08333333333333333,0.0,0,1,,71.0,92.0,5.0,R1,never,>60 (early page)
3_5,10.558333333333334,0.5583333333333333,1.0,1,0,0.0,1,0.23333333333333334,0.0,0.0,0,1,,39.0,104.0,-14.0,R1,never,10-60 (useful)
1_1,10.8,10.8,1.0,1,0,0.0,0,0.0,0.8,0.0,1,1,,,,,never,never,never
1_2,11.85,11.85,1.0,1,0,0.0,0,0.0,1.85,0.0,1,1,,,,,never,never,never
1_3,11.116666666666667,11.116666666666667,1.0,1,0,0.0,0,0.0,1.1166666666666667,0.0,1,1,,,,,never,never,never
1_4,10.1,0.1,1.0,1,0,0.0,0,0.0,0.1,0.0,0,0,,,,,never,never,never
1_5,10.266666666666667,0.26666666666666666,1.0,1,0,0.0,0,0.0,0.26666666666666666,0.0,0,0,,,,,never,never,never
2_1,10.65,10.65,1.0,1,0,0.0,0,0.0,0.65,0.0,1,1,,,,,never,never,never
2_2,11.783333333333333,11.783333333333333,1.0,1,0,0.0,0,0.0,1.7833333333333334,0.0,1,1,,,,,never,never,never
2_3,14.0,14.0,1.0,1,0,0.0,0,0.0,4.0,0.0,1,1,,,,,never,never,never
2_4,10.2,0.2,1.0,1,0,0.0,0,0.0,0.2,0.0,0,0,,,,,never,never,never
2_5,13.516666666666666,13.516666666666666,1.0,1,0,0.0,0,0.0,3.5166666666666666,0.0,1,1,,,,,never,never,never
3_1,12.15,12.15,1.0,1,0,0.0,0,0.0,2.15,0.0,1,1,,,,,never,never,never
3_2,14.0,14.0,1.0,1,0,0.0,0,0.0,4.0,0.0,1,1,,,,,never,never,never
3_3,10.483333333333333,10.483333333333333,1.0,1,0,0.0,0,0.0,0.48333333333333334,0.0,1,1,,,,,never,never,never
3_4,11.633333333333333,11.633333333333333,1.0,1,0,0.0,0,0.0,1.6333333333333333,0.0,1,1,,,,,never,never,never
3_5,11.416666666666666,11.416666666666666,1.0,1,0,0.0,0,0.0,1.4166666666666667,0.0,1,1,,,,,never,never,never
1_1,10.6,0.6,1.0,1,0,0.0,1,0.4,0.0,0.0,0,1,,,100.0,-24.0,fire_at_eligibility,never,never
1_2,10.5375,0.5375,1.0,1,0,0.0,1,0.15,0.0,0.0,0,1,,,138.0,-9.0,fire_at_eligibility,never,never
1_3,10.708333333333334,0.7083333333333334,1.0,1,0,0.0,1,0.8333333333333334,0.0,0.0,0,1,,,135.0,-50.0,fire_at_eligibility,never,never
1_4,10.7375,0.7375,1.0,1,0,0.0,1,0.95,0.0,0.0,0,0,,,99.0,-57.0,fire_at_eligibility,never,never
1_5,10.55,0.55,1.0,1,0,0.0,1,0.2,0.0,0.0,0,0,,,29.0,-12.0,fire_at_eligibility,never,never
2_1,12.283333333333333,2.283333333333333,1.0,1,0,0.0,1,7.133333333333334,0.0,0.0,0,1,,,468.0,-428.0,fire_at_eligibility,never,never
2_2,10.616666666666667,0.6166666666666667,1.0,1,0,0.0,1,0.4666666666666667,0.0,0.0,0,1,,,138.0,-28.0,fire_at_eligibility,never,never
2_3,10.9375,0.9375,1.0,1,0,0.0,1,1.75,0.0,0.0,0,1,,,510.0,-105.0,fire_at_eligibility,never,never
2_4,10.525,0.525,1.0,1,0,0.0,1,0.1,0.0,0.0,0,0,,,19.0,-6.0,fire_at_eligibility,never,never
2_5,10.9125,0.9125,1.0,1,0,0.0,1,1.65,0.0,0.0,0,1,,,316.0,-99.0,fire_at_eligibility,never,never
3_1,12.5,2.5,1.0,1,0,0.0,1,8.0,0.0,0.0,0,1,,,2515.0,-2356.0,fire_at_eligibility,never,never
3_2,12.5,2.5,1.0,1,0,0.0,1,8.0,0.0,0.0,0,1,,,2473.0,-1000.0,fire_at_eligibility,never,never
3_3,11.820833333333333,1.8208333333333333,1.0,1,0,0.0,1,5.283333333333333,0.0,0.0,0,1,,,348.0,-317.0,fire_at_eligibility,never,never
3_4,12.5,2.5,1.0,1,0,0.0,1,8.0,0.0,0.0,0,1,,,1492.0,-1102.0,fire_at_eligibility,never,never
3_5,10.504166666666666,0.5041666666666667,1.0,1,0,0.0,1,0.016666666666666666,0.0,0.0,0,1,,,91.0,-1.0,fire_at_eligibility,never,never
1_1,5.933333333333333,0.6,0.0,0,1,0.6666666666666666,1,0.4,0.0,0.0,0,1,100.0,100.0,100.0,-24.0,fire_at_eligibility_critical,>60 (early page),>60 (early page)
1_2,6.2625,0.5375,0.0,0,1,1.3,1,0.15,0.0,0.3,0,1,138.0,138.0,138.0,-9.0,fire_at_eligibility_critical,>60 (early page),>60 (early page)
1_3,6.395833333333333,0.7083333333333334,0.0,0,1,1.25,1,0.8333333333333334,0.0,0.25,0,1,135.0,135.0,135.0,-50.0,fire_at_eligibility_critical,>60 (early page),>60 (early page)
1_4,6.0625,0.7375,0.0,0,1,0.65,1,0.95,0.0,0.0,0,0,99.0,99.0,99.0,-57.0,fire_at_eligibility_critical,>60 (early page),>60 (early page)
1_5,0.8833333333333333,0.55,0.03333333333333333,0,0,0.0,1,0.2,0.0,0.0,0,0,29.0,29.0,29.0,-12.0,fire_at_eligibility_critical,10-60 (useful),10-60 (useful)
2_1,10.283333333333333,2.283333333333333,0.0,0,1,4.0,1,7.133333333333334,0.0,4.0,0,1,468.0,468.0,468.0,-428.0,fire_at_eligibility_critical,>60 (early page),>60 (early page)
2_2,6.341666666666667,0.6166666666666667,0.0,0,1,1.3,1,0.4666666666666667,0.0,0.3,0,1,138.0,138.0,138.0,-28.0,fire_at_eligibility_critical,>60 (early page),>60 (early page)
2_3,8.9375,0.9375,0.0,0,1,4.0,1,1.75,0.0,4.0,0,1,510.0,510.0,510.0,-105.0,fire_at_eligibility_critical,>60 (early page),>60 (early page)
2_4,4.191666666666666,0.525,0.36666666666666664,0,0,0.0,1,0.1,0.0,0.0,0,0,19.0,19.0,19.0,-6.0,fire_at_eligibility_critical,10-60 (useful),10-60 (useful)
2_5,8.729166666666666,0.9125,0.0,0,1,4.0,1,1.65,0.0,3.2666666666666666,0,1,316.0,316.0,316.0,-99.0,fire_at_eligibility_critical,>60 (early page),>60 (early page)
3_1,10.5,2.5,0.0,0,1,4.0,1,8.0,0.0,4.0,0,1,2515.0,2515.0,2515.0,-2356.0,fire_at_eligibility_critical,>60 (early page),>60 (early page)
3_2,10.5,2.5,0.0,0,1,4.0,1,8.0,0.0,4.0,0,1,2473.0,2473.0,2473.0,-1000.0,fire_at_eligibility_critical,>60 (early page),>60 (early page)
3_3,9.770833333333332,1.8208333333333333,0.0,0,1,4.0,1,5.283333333333333,0.0,3.8,0,1,348.0,348.0,348.0,-317.0,fire_at_eligibility_critical,>60 (early page),>60 (early page)
3_4,10.5,2.5,0.0,0,1,4.0,1,8.0,0.0,4.0,0,1,1492.0,1492.0,1492.0,-1102.0,fire_at_eligibility_critical,>60 (early page),>60 (early page)
3_5,5.7625,0.5041666666666667,0.0,0,1,0.5166666666666667,1,0.016666666666666666,0.0,0.0,0,1,91.0,91.0,91.0,-1.0,fire_at_eligibility_critical,>60 (early page),>60 (early page)
1_1,0.0,0.0,0.0,0,0,0.0,0,0.0,0.0,0.0,0,1,48.0,48.0,48.0,0.0,onset_eq_critical,10-60 (useful),10-60 (useful)
1_2,5.5625,0.0,0.0,0,1,1.0833333333333333,0,0.0,0.0,0.08333333333333333,0,1,125.0,125.0,125.0,0.0,onset_eq_critical,>60 (early page),>60 (early page)
1_3,5.175,0.0,0.0,0,1,0.35,0,0.0,0.0,0.0,0,1,81.0,81.0,81.0,0.0,onset_eq_critical,>60 (early page),>60 (early page)
1_4,10.1,0.1,1.0,1,0,0.0,0,0.0,0.1,0.0,0,0,,,,,onset_eq_critical,never,never
1_5,5.699999999999999,0.03333333333333333,0.5666666666666667,0,0,0.0,0,0.0,0.03333333333333333,0.0,0,0,13.0,13.0,13.0,2.0,onset_eq_critical,10-60 (useful),10-60 (useful)
2_1,0.1,0.1,0.0,0,0,0.0,0,0.0,0.1,0.0,0,1,32.0,32.0,32.0,6.0,onset_eq_critical,10-60 (useful),10-60 (useful)
2_2,5.383333333333334,0.0,0.0,0,1,0.7666666666666667,0,0.0,0.0,0.0,0,1,106.0,106.0,106.0,0.0,onset_eq_critical,>60 (early page),>60 (early page)
2_3,7.458333333333334,0.18333333333333332,0.0,0,1,3.3666666666666667,0,0.0,0.18333333333333332,2.3666666666666667,0,1,262.0,262.0,262.0,11.0,onset_eq_critical,>60 (early page),>60 (early page)
2_4,7.733333333333333,0.06666666666666667,0.7666666666666667,1,0,0.0,0,0.0,0.06666666666666667,0.0,0,0,7.0,7.0,7.0,4.0,onset_eq_critical,<10 (miss),<10 (miss)
2_5,6.716666666666666,0.36666666666666664,0.0,0,1,2.1333333333333333,0,0.0,0.36666666666666664,1.1333333333333333,0,1,188.0,188.0,188.0,22.0,onset_eq_critical,>60 (early page),>60 (early page)
3_1,5.8125,0.0,0.0,0,1,1.4166666666666667,0,0.0,0.0,0.4166666666666667,0,1,145.0,145.0,145.0,0.0,onset_eq_critical,>60 (early page),>60 (early page)
3_2,8.0,0.0,0.0,0,1,4.0,0,0.0,0.0,4.0,0,1,1260.0,1260.0,1260.0,0.0,onset_eq_critical,>60 (early page),>60 (early page)
3_3,1.7166666666666666,0.05,0.16666666666666666,0,0,0.0,0,0.0,0.05,0.0,0,1,25.0,25.0,25.0,3.0,onset_eq_critical,10-60 (useful),10-60 (useful)
3_4,5.341666666666667,0.06666666666666667,0.0,0,1,0.55,0,0.0,0.06666666666666667,0.0,0,1,93.0,93.0,93.0,4.0,onset_eq_critical,>60 (early page),>60 (early page)
3_5,5.7625,0.5041666666666667,0.0,0,1,0.5166666666666667,1,0.016666666666666666,0.0,0.0,0,1,91.0,91.0,91.0,-1.0,onset_eq_critical,>60 (early page),>60 (early page)
1_1,10.0,0.0,1.0,1,0,0.0,0,0.0,0.0,0.0,0,1,,,48.0,0.0,onset_only,never,never
1_2,10.0,0.0,1.0,1,0,0.0,0,0.0,0.0,0.0,0,1,,,125.0,0.0,onset_only,never,never
1_3,10.0,0.0,1.0,1,0,0.0,0,0.0,0.0,0.0,0,1,,,81.0,0.0,onset_only,never,never
1_4,10.1,0.1,1.0,1,0,0.0,0,0.0,0.1,0.0,0,0,,,,,onset_only,never,never
1_5,10.033333333333333,0.03333333333333333,1.0,1,0,0.0,0,0.0,0.03333333333333333,0.0,0,0,,,13.0,2.0,onset_only,never,never
2_1,10.1,0.1,1.0,1,0,0.0,0,0.0,0.1,0.0,0,1,,,32.0,6.0,onset_only,never,never
2_2,10.0,0.0,1.0,1,0,0.0,0,0.0,0.0,0.0,0,1,,,106.0,0.0,onset_only,never,never
2_3,10.183333333333334,0.18333333333333332,1.0,1,0,0.0,0,0.0,0.18333333333333332,0.0,0,1,,,262.0,11.0,onset_only,never,never
2_4,10.066666666666666,0.06666666666666667,1.0,1,0,0.0,0,0.0,0.06666666666666667,0.0,0,0,,,7.0,4.0,onset_only,never,never
2_5,10.366666666666667,0.36666666666666664,1.0,1,0,0.0,0,0.0,0.36666666666666664,0.0,0,1,,,188.0,22.0,onset_only,never,never
3_1,10.0,0.0,1.0,1,0,0.0,0,0.0,0.0,0.0,0,1,,,145.0,0.0,onset_only,never,never
3_2,10.0,0.0,1.0,1,0,0.0,0,0.0,0.0,0.0,0,1,,,1260.0,0.0,onset_only,never,never
3_3,10.05,0.05,1.0,1,0,0.0,0,0.0,0.05,0.0,0,1,,,25.0,3.0,onset_only,never,never
3_4,10.066666666666666,0.06666666666666667,1.0,1,0,0.0,0,0.0,0.06666666666666667,0.0,0,1,,,93.0,4.0,onset_only,never,never
3_5,10.504166666666666,0.5041666666666667,1.0,1,0,0.0,1,0.016666666666666666,0.0,0.0,0,1,,,91.0,-1.0,onset_only,never,never
