bearing,condition,life_min,gt_on_rul,gt_early_rul,gt_late_rul,gt_on_row,gt_early_row,gt_late_row,env_rul,hf_rul,twophase03_rul,hinge_rul,perm2x_rul,commission_perm_rul,pre_onset_rows,commission_vs_life_level,commission_vs_fleet,baseline_contaminated,short_healthy,detector_eligible_row,abrupt
1_1,1,123,48,76,47,74,46,75,47,51,76,67,44.0,52.0,46,0.978,1.194,False,False,24,False
1_2,1,161,129,129,110,31,31,50,110,116,114,157,108.0,129.0,31,1.0,1.029,False,False,24,False
1_3,1,158,85,85,66,72,72,91,66,66,69,84,55.0,85.0,72,0.987,0.865,False,False,24,False
1_4,1,122,5,42,5,116,79,116,39,42,14,75,,,79,1.052,0.967,False,False,24,True
1_5,1,52,17,17,15,34,34,36,15,15,15,22,16.0,17.0,34,1.011,1.758,True,False,24,True
2_1,2,491,38,40,38,452,450,452,38,38,40,47,36.0,36.0,450,1.192,0.786,True,False,24,False
2_2,2,161,110,110,106,50,50,54,106,109,109,141,103.0,110.0,50,1.021,0.979,False,False,24,False
2_3,2,533,369,405,273,163,127,259,405,405,273,317,211.0,266.0,127,1.095,1.088,False,False,24,False
2_4,2,42,11,13,11,30,28,30,11,11,13,16,11.0,11.0,28,1.077,1.248,False,True,24,True
2_5,2,339,217,217,210,121,121,128,217,217,210,236,171.0,192.0,121,1.192,2.378,True,False,24,False
3_1,3,2538,157,159,128,2380,2378,2409,128,159,158,175,126.0,149.0,2378,1.058,0.684,False,False,24,False
3_2,3,2496,1031,1473,1031,1464,1022,1464,1335,1473,1177,1225,68.0,1076.0,1022,1.125,1.592,True,False,24,False
3_3,3,371,29,31,28,341,339,342,28,28,31,39,27.0,29.0,339,1.222,0.892,True,False,24,True
3_4,3,1515,97,390,97,1417,1124,1417,97,390,104,115,93.0,97.0,1124,1.275,0.756,True,False,24,False
3_5,3,114,90,90,84,23,23,29,84,84,90,110,42.0,102.0,23,0.792,3.422,True,True,24,False
