,E1p15,E1p5,KURT1p3,SPEC1p15,RUL120,RUL60,on,early,late,n
1_1,69.0,76.0,,58.0,2.0,62.0,74.0,46.0,75.0,123.0
1_2,31.0,38.0,,31.0,40.0,100.0,31.0,31.0,50.0,161.0
1_3,64.0,87.0,,58.0,37.0,97.0,72.0,72.0,91.0,158.0
1_4,80.0,,,48.0,1.0,61.0,116.0,79.0,116.0,122.0
1_5,34.0,34.0,,34.0,0.0,0.0,34.0,34.0,36.0,52.0
2_1,452.0,454.0,487.0,451.0,370.0,430.0,452.0,450.0,452.0,491.0
2_2,46.0,52.0,,46.0,40.0,100.0,50.0,50.0,54.0,161.0
2_3,127.0,302.0,,96.0,412.0,472.0,163.0,127.0,259.0,533.0
2_4,16.0,30.0,,13.0,0.0,0.0,30.0,28.0,30.0,42.0
2_5,120.0,146.0,,169.0,218.0,278.0,121.0,121.0,128.0,339.0
3_1,2340.0,2393.0,2524.0,1640.0,2417.0,2477.0,2380.0,2378.0,2409.0,2538.0
3_2,1163.0,1837.0,,890.0,2375.0,2435.0,1464.0,1022.0,1464.0,2496.0
3_3,341.0,341.0,,198.0,250.0,310.0,341.0,339.0,342.0,371.0
3_4,1416.0,1418.0,1417.0,1132.0,1394.0,1454.0,1417.0,1124.0,1417.0,1515.0
3_5,12.0,29.0,,45.0,0.0,53.0,23.0,23.0,29.0,114.0
