variant,model,C,GTpart,FApart,C1,FD,LD_h,MO
primary,N,6.627777777777778,0.22805555555555557,6.399722222222223,0.22805555555555557,2,0.027777777777777776,0
primary,D,6.5313888888888885,0.09805555555555555,6.433333333333334,0.09805555555555555,1,0.06444444444444444,0
primary,D',6.5775,0.2177777777777778,6.359722222222222,0.2177777777777778,1,0.051111111111111114,0
primary,R0,6.740277777777777,0.5169444444444444,6.223333333333332,0.5169444444444444,5,0.33222222222222214,0
primary,never,11.597777777777775,1.5977777777777777,10.0,9.597777777777777,0,1.5977777777777777,12
primary,fire_at_eligibility,11.215555555555556,1.2155555555555553,10.0,1.2155555555555553,15,0.0,0
primary,fire_at_eligibility_critical,7.40361111111111,1.2155555555555553,6.188055555555556,1.2155555555555553,15,0.0,0
primary,onset_eq_critical,5.3708333333333345,0.09805555555555555,5.272777777777779,0.09805555555555555,1,0.06444444444444444,0
primary,onset_only,10.098055555555556,0.09805555555555555,10.0,0.09805555555555555,1,0.06444444444444444,0
E1p15,N,6.765277777777778,0.3655555555555555,6.399722222222223,1.698888888888889,1,0.1988888888888889,2
E1p15,D,6.894444444444444,0.46111111111111114,6.433333333333334,1.7944444444444443,0,0.46111111111111114,2
E1p15,D',6.751944444444443,0.3922222222222222,6.359722222222222,1.0588888888888888,1,0.2255555555555556,1
E1p15,R0,6.851388888888889,0.6280555555555555,6.223333333333332,1.294722222222222,5,0.4466666666666666,1
E1p15,never,11.828888888888889,1.8288888888888886,10.0,11.828888888888889,0,1.8288888888888886,15
E1p15,fire_at_eligibility,11.168888888888889,1.168888888888889,10.0,1.168888888888889,13,0.017777777777777778,0
E1p15,fire_at_eligibility_critical,7.356944444444445,1.168888888888889,6.188055555555556,1.168888888888889,13,0.017777777777777778,0
E1p15,onset_eq_critical,5.733888888888889,0.46111111111111114,5.272777777777779,1.7944444444444443,0,0.46111111111111114,2
E1p15,onset_only,10.46111111111111,0.46111111111111114,10.0,1.7944444444444443,0,0.46111111111111114,2
E1p5,N,6.889722222222221,0.49,6.399722222222223,0.49,8,0.029999999999999995,0
E1p5,D,6.849999999999999,0.4166666666666667,6.433333333333334,0.4166666666666667,7,0.03444444444444444,0
E1p5,D',6.804166666666665,0.4444444444444444,6.3597222222222225,0.4444444444444444,7,0.031111111111111114,0
E1p5,R0,6.8469444444444445,0.6236111111111112,6.223333333333332,0.6236111111111112,7,0.31777777777777777,0
E1p5,never,11.604444444444445,1.6044444444444443,10.0,10.27111111111111,0,1.6044444444444443,13
E1p5,fire_at_eligibility,11.29,1.2899999999999998,10.0,1.2899999999999998,15,0.0,0
E1p5,fire_at_eligibility_critical,7.478055555555555,1.2899999999999998,6.188055555555556,1.2899999999999998,15,0.0,0
E1p5,onset_eq_critical,5.689444444444445,0.4166666666666667,5.272777777777779,0.4166666666666667,7,0.03444444444444444,0
E1p5,onset_only,10.416666666666666,0.4166666666666667,10.0,0.4166666666666667,7,0.03444444444444444,0
KURT1p3,N,6.7325,0.33277777777777773,6.399722222222223,0.33277777777777773,4,0.021111111111111112,0
KURT1p3,D,6.63611111111111,0.2027777777777778,6.433333333333334,0.2027777777777778,3,0.05777777777777778,0
KURT1p3,D',6.685,0.3252777777777777,6.359722222222222,0.3252777777777777,3,0.04444444444444444,0
KURT1p3,R0,6.844999999999999,0.6216666666666667,6.223333333333332,0.6216666666666667,7,0.3266666666666666,0
KURT1p3,never,11.43111111111111,1.431111111111111,10.0,8.097777777777779,0,1.431111111111111,10
KURT1p3,fire_at_eligibility,11.225833333333332,1.2258333333333333,10.0,1.2258333333333333,15,0.0,0
KURT1p3,fire_at_eligibility_critical,7.413888888888889,1.2258333333333333,6.188055555555556,1.2258333333333333,15,0.0,0
KURT1p3,onset_eq_critical,5.475555555555556,0.2027777777777778,5.272777777777779,0.2027777777777778,3,0.05777777777777778,0
KURT1p3,onset_only,10.202777777777778,0.2027777777777778,10.0,0.2027777777777778,3,0.05777777777777778,0
SPEC1p15,N,7.556111111111111,1.156388888888889,6.399722222222223,2.489722222222222,3,0.9044444444444444,2
SPEC1p15,D,7.8372222222222225,1.403888888888889,6.433333333333334,2.7372222222222224,2,1.3255555555555556,2
SPEC1p15,D',7.5183333333333335,1.158611111111111,6.3597222222222225,1.8252777777777776,3,0.9133333333333333,1
SPEC1p15,R0,7.50611111111111,1.2827777777777778,6.223333333333332,1.9494444444444443,5,1.0933333333333333,1
SPEC1p15,never,12.158888888888889,2.158888888888889,10.0,12.158888888888889,0,2.158888888888889,15
SPEC1p15,fire_at_eligibility,11.15222222222222,1.1522222222222223,10.0,1.1522222222222223,14,0.01,0
SPEC1p15,fire_at_eligibility_critical,7.340277777777778,1.1522222222222223,6.1880555555555565,1.1522222222222223,14,0.01,0
SPEC1p15,onset_eq_critical,6.676666666666668,1.403888888888889,5.27277777777778,2.7372222222222224,2,1.3255555555555556,2
SPEC1p15,onset_only,11.403888888888888,1.403888888888889,10.0,2.7372222222222224,2,1.3255555555555556,2
RUL120,N,7.423055555555555,1.0233333333333332,6.399722222222223,2.3566666666666674,5,0.611111111111111,2
RUL120,D,7.41111111111111,0.9777777777777777,6.433333333333334,2.3111111111111113,5,0.611111111111111,2
RUL120,D',7.337500000000001,0.9777777777777777,6.359722222222222,1.6444444444444446,5,0.58,1
RUL120,R0,7.0455555555555565,0.8222222222222222,6.223333333333332,1.4888888888888887,5,0.5444444444444444,1
RUL120,never,11.84444444444444,1.844444444444444,10.0,11.84444444444444,0,1.844444444444444,15
RUL120,fire_at_eligibility,11.189166666666667,1.1891666666666665,10.0,1.1891666666666665,10,0.11888888888888889,0
RUL120,fire_at_eligibility_critical,7.377222222222222,1.1891666666666665,6.188055555555556,1.1891666666666665,10,0.11888888888888889,0
RUL120,onset_eq_critical,6.250555555555555,0.9777777777777777,5.27277777777778,2.3111111111111113,5,0.611111111111111,2
RUL120,onset_only,10.977777777777778,0.9777777777777777,10.0,2.3111111111111113,5,0.611111111111111,2
RUL60,N,7.2794444444444455,0.8797222222222222,6.399722222222223,2.2130555555555556,9,0.2311111111111111,2
RUL60,D,7.2675,0.8341666666666666,6.433333333333334,2.1674999999999995,9,0.2311111111111111,2
RUL60,D',7.192499999999999,0.8327777777777778,6.359722222222222,1.4994444444444446,9,0.1988888888888889,1
RUL60,R0,7.0230555555555565,0.7997222222222222,6.223333333333332,1.4663888888888887,11,0.21555555555555553,1
RUL60,never,10.985555555555553,0.9855555555555552,10.0,10.985555555555553,0,0.9855555555555552,15
RUL60,fire_at_eligibility,11.366388888888887,1.3663888888888889,10.0,1.3663888888888889,13,0.048888888888888885,0
RUL60,fire_at_eligibility_critical,7.554444444444445,1.3663888888888889,6.188055555555556,1.3663888888888889,13,0.048888888888888885,0
RUL60,onset_eq_critical,6.106944444444443,0.8341666666666666,5.27277777777778,2.1674999999999995,9,0.2311111111111111,2
RUL60,onset_only,10.834166666666667,0.8341666666666666,10.0,2.1674999999999995,9,0.2311111111111111,2
