variant,pair,mean,ci_lo,ci_hi,p,GT_terms_share,FA_terms
primary,N-D,0.09638888888888894,-1.9017777777777776,1.902618055555555,0.540283203125,0.13,-0.033611111111111064
primary,N-R0,-0.11250000000000011,-1.6115138888888891,1.409895833333332,0.448760986328125,-0.28888888888888886,0.17638888888888876
primary,D-R0,-0.20888888888888898,-2.3574444444444445,1.6237569444444437,0.42279052734375,-0.4188888888888888,0.20999999999999988
primary,D'-R0,-0.16277777777777785,-2.206868055555555,1.678395833333333,0.43798828125,-0.2991666666666667,0.13638888888888873
primary,D-onset_only,-3.566666666666666,-5.365104166666667,-1.8294444444444444,0.001953125,0.0,-3.566666666666666
primary,N-onset_eq_critical,1.2569444444444444,0.11381250000000001,2.8478541666666666,0.96142578125,0.13,1.1269444444444445
primary,D-onset_eq_critical,1.1605555555555556,-1.0222291666666667,3.574395833333333,0.8084716796875,0.0,1.1605555555555556
E1p15,N-D,-0.12916666666666674,-2.096708333333334,1.680895833333333,0.452880859375,-0.09555555555555553,-0.033611111111111154
E1p15,N-R0,-0.08611111111111125,-1.584763888888889,1.4150763888888884,0.46044921875,-0.2625,0.17638888888888876
E1p15,D-R0,0.04305555555555532,-2.0693611111111108,1.813076388888888,0.516326904296875,-0.16694444444444442,0.2099999999999997
E1p15,D'-R0,-0.09944444444444464,-2.140868055555556,1.7285069444444427,0.46136474609375,-0.23583333333333334,0.13638888888888873
E1p15,D-onset_only,-3.566666666666666,-5.365104166666666,-1.8294444444444444,0.001953125,0.0,-3.566666666666666
E1p15,N-onset_eq_critical,1.031388888888889,-0.22634722222222206,2.668069444444438,0.900634765625,-0.09555555555555553,1.1269444444444445
E1p15,D-onset_eq_critical,1.1605555555555556,-1.0222291666666665,3.574395833333333,0.8084716796875,0.0,1.1605555555555556
E1p5,N-D,0.03972222222222228,-1.8962291666666666,1.7945208333333331,0.5167236328125,0.07333333333333333,-0.033611111111111036
E1p5,N-R0,0.04277777777777771,-1.4953263888888892,1.533888888888886,0.518768310546875,-0.13361111111111115,0.17638888888888868
E1p5,D-R0,0.0030555555555552413,-2.0020694444444445,1.731604166666662,0.501434326171875,-0.20694444444444446,0.20999999999999971
E1p5,D'-R0,-0.042777777777778005,-2.098736111111111,1.7823541666666654,0.4837646484375,-0.1791666666666667,0.1363888888888886
E1p5,D-onset_only,-3.566666666666667,-5.365104166666667,-1.8294444444444444,0.001953125,0.0,-3.566666666666667
E1p5,N-onset_eq_critical,1.2002777777777778,0.16629861111111122,2.7435416666666654,0.969970703125,0.07333333333333333,1.1269444444444445
E1p5,D-onset_eq_critical,1.1605555555555556,-1.0222291666666667,3.574395833333333,0.8084716796875,0.0,1.1605555555555556
KURT1p3,N-D,0.09638888888888883,-1.901777777777778,1.902618055555555,0.540283203125,0.13,-0.03361111111111118
KURT1p3,N-R0,-0.11250000000000011,-1.6118194444444447,1.4098958333333325,0.449005126953125,-0.28888888888888886,0.17638888888888876
KURT1p3,D-R0,-0.20888888888888898,-2.3574791666666663,1.6235902777777766,0.422607421875,-0.4188888888888888,0.21
KURT1p3,D'-R0,-0.16,-2.208118055555555,1.6782986111111098,0.439453125,-0.2963888888888889,0.13638888888888878
KURT1p3,D-onset_only,-3.566666666666667,-5.365104166666667,-1.8294444444444447,0.001953125,0.0,-3.566666666666667
KURT1p3,N-onset_eq_critical,1.2569444444444442,0.11381250000000001,2.8478541666666666,0.96142578125,0.13,1.1269444444444445
KURT1p3,D-onset_eq_critical,1.1605555555555556,-1.0222291666666667,3.574395833333333,0.8084716796875,0.0,1.1605555555555556
SPEC1p15,N-D,-0.281111111111111,-2.178541666666667,1.4925138888888874,0.392333984375,-0.24749999999999997,-0.03361111111111101
SPEC1p15,N-R0,0.050000000000000475,-1.4636944444444442,1.5406319444444443,0.52423095703125,-0.12638888888888886,0.17638888888888934
SPEC1p15,D-R0,0.3311111111111113,-1.6972638888888891,2.016944444444444,0.62725830078125,0.1211111111111111,0.2100000000000001
SPEC1p15,D'-R0,0.012222222222222304,-2.017236111111111,1.8099097222222198,0.50506591796875,-0.12416666666666666,0.13638888888888895
SPEC1p15,D-onset_only,-3.566666666666666,-5.365104166666667,-1.8294444444444444,0.001953125,0.0,-3.566666666666666
SPEC1p15,N-onset_eq_critical,0.8794444444444447,-0.34681944444444446,2.5343888888888877,0.849853515625,-0.24749999999999997,1.1269444444444445
SPEC1p15,D-onset_eq_critical,1.1605555555555556,-1.0222291666666667,3.5743958333333326,0.8084716796875,0.0,1.1605555555555556
RUL120,N-D,0.011944444444444594,-1.9240069444444443,1.7705694444444446,0.50341796875,0.04555555555555555,-0.033611111111110974
RUL120,N-R0,0.3775000000000001,-1.1625763888888891,1.8849722222222207,0.679229736328125,0.20111111111111113,0.17638888888888887
RUL120,D-R0,0.36555555555555536,-1.6498402777777783,2.0244097222222206,0.637725830078125,0.15555555555555559,0.20999999999999985
RUL120,D'-R0,0.2919444444444444,-1.7040833333333336,2.0107986111111096,0.60833740234375,0.15555555555555553,0.13638888888888873
RUL120,D-onset_only,-3.566666666666667,-5.365104166666667,-1.8294444444444444,0.001953125,0.0,-3.566666666666667
RUL120,N-onset_eq_critical,1.1724999999999999,0.12527083333333328,2.7155694444444443,0.965087890625,0.04555555555555555,1.1269444444444445
RUL120,D-onset_eq_critical,1.1605555555555556,-1.022229166666667,3.574395833333333,0.8084716796875,0.0,1.1605555555555556
RUL60,N-D,0.011944444444444624,-1.9240069444444443,1.7705694444444449,0.50341796875,0.04555555555555556,-0.033611111111110946
RUL60,N-R0,0.256388888888889,-1.1772291666666663,1.708291666666664,0.595703125,0.08,0.17638888888888893
RUL60,D-R0,0.24444444444444438,-1.6890625000000004,1.912374999999998,0.59295654296875,0.03444444444444444,0.21000000000000002
RUL60,D'-R0,0.1694444444444444,-1.7793125000000003,1.946979166666667,0.5623779296875,0.03305555555555554,0.13638888888888895
RUL60,D-onset_only,-3.566666666666666,-5.365104166666667,-1.8294444444444444,0.001953125,0.0,-3.566666666666666
RUL60,N-onset_eq_critical,1.1724999999999999,0.1252708333333333,2.7155694444444443,0.965087890625,0.04555555555555556,1.1269444444444445
RUL60,D-onset_eq_critical,1.1605555555555556,-1.022229166666667,3.574395833333333,0.8084716796875,0.0,1.1605555555555556
