bearing,n,base0_fleetratio,band,rul@self1.3,rul@selfband,rul@fleet1.5,rul@self2.0,rul@self3.0,rul@kurt4,causal_first_rul,last_peak_ratio,max_peak_ratio_prev,last_rms_ratio,causal_rul_x2,causal_rul_x3,causal_rul_x5
Bearing1_1,123,1.14,1.26,52.0,52.0,51.0,44.0,43.0,,48.0,7.5,6.3,11.0,42.0,41.0,21.0
Bearing1_2,161,1.04,1.1,129.0,129.0,119.0,108.0,103.0,,125.0,12.7,11.2,19.5,106.0,101.0,95.0
Bearing1_3,158,0.85,1.1,85.0,99.0,58.0,55.0,39.0,,81.0,11.7,13.6,13.8,53.0,37.0,16.0
Bearing1_4,122,0.89,1.2,,36.0,,,,,,31.9,2.8,5.1,,,
Bearing1_5,52,1.68,1.1,17.0,18.0,51.0,16.0,13.0,,13.0,15.5,11.4,14.4,14.0,11.0,8.0
Bearing2_1,491,0.83,1.1,36.0,38.0,36.0,36.0,28.0,,32.0,27.2,21.4,17.1,34.0,26.0,18.0
Bearing2_2,161,0.85,1.1,110.0,114.0,104.0,102.0,94.0,,106.0,18.5,10.5,15.2,100.0,92.0,76.0
Bearing2_3,533,1.1,1.1,266.0,405.0,230.0,209.0,206.0,,262.0,13.7,17.7,11.5,207.0,204.0,173.0
Bearing2_4,42,1.15,1.24,11.0,11.0,11.0,11.0,11.0,,7.0,7.3,6.5,16.3,9.0,9.0,7.0
Bearing2_5,339,1.95,1.1,192.0,217.0,338.0,156.0,148.0,,188.0,6.9,7.5,10.1,154.0,146.0,74.0
Bearing3_1,2538,0.86,1.1,149.0,197.0,131.0,123.0,87.0,,145.0,17.9,19.9,22.5,121.0,85.0,29.0
Bearing3_2,2496,1.82,1.15,1076.0,1418.0,2495.0,69.0,29.0,,1260.0,5.2,5.4,6.6,320.0,220.0,9.0
Bearing3_3,371,1.26,1.16,29.0,29.0,29.0,27.0,26.0,,25.0,11.8,10.5,8.0,25.0,24.0,23.0
Bearing3_4,1515,0.98,1.1,97.0,97.0,95.0,76.0,70.0,,93.0,9.1,12.1,8.5,74.0,68.0,57.0
Bearing3_5,114,3.9,3.66,102.0,21.0,110.0,101.0,42.0,,98.0,5.8,5.5,6.4,99.0,40.0,13.0
